countryiso3code,country_name,internet_usage_pct,internet_usage_pct_year,mobile_subscriptions_per_100_year,mobile_subscriptions_per_100,population_year,population,gdp_per_capita_year,gdp_per_capita,rural_population_pct_year,rural_population_pct,latest_year,earliest_year,year_spread,complete_core_data,usage_gap_pp,population_affected_est,gap_score,population_impact_score,rural_score,economic_vulnerability_score,priority_score,priority_band,data_confidence,priority_score_alt,rank_base,rank_alt,rank_change,diagnostic_segment,display_rank
AFG,Afghanistan,16.09499931,2024,2024,60.0990815591219,2025,43844111.0,2024,416.871146273728,2025,74.0598355300102,2025,2024,1,True,63.90500069,28018579.437074367,97.05882352941177,95.58823529411765,94.11764705882352,99.01960784313725,96.56862745098039,Higher,High,96.421568627451,1.0,1.0,0.0,Rural / access investigation,1
NER,Niger,15.55760002,2024,2024,60.5939862118112,2025,27917831.0,2025,775.353622143879,2025,81.6259302804531,2025,2024,1,True,64.44239998,17990920.318760436,97.54901960784314,92.15686274509804,98.52941176470588,95.58823529411765,95.68627450980392,Higher,High,95.14705882352942,2.0,3.0,-1.0,Rural / access investigation,2
BDI,Burundi,8.595999718,2024,2023,63.1631365759764,2025,14390003.0,2025,233.823013385395,2025,74.3129815318337,2025,2023,2,True,71.404000282,10275037.782699808,99.50980392156863,87.25490196078431,94.6078431372549,99.50980392156863,95.09803921568627,Higher,Medium,93.87254901960785,3.0,6.0,-3.0,Rural / access investigation,3
ETH,Ethiopia,21.94129944,2024,2024,65.0825091944922,2025,135472051.0,2025,932.729352775179,2025,75.8903047911054,2025,2024,1,True,58.05870056,78653312.43258049,92.15686274509804,99.01960784313727,95.58823529411765,93.13725490196079,94.92647058823529,Higher,High,95.61274509803923,4.0,2.0,2.0,Rural / access investigation,4
UGA,Uganda,8.949831061,2024,2024,83.165031466902,2025,51384894.0,2025,1206.30450825002,2025,68.0600442463383,2025,2024,1,True,71.050168939,36509053.99612608,99.01960784313727,97.05882352941177,88.23529411764706,88.23529411764706,94.65686274509804,Higher,High,94.4607843137255,5.0,4.0,1.0,Rural / access investigation,5
TCD,Chad,12.62689972,2024,2024,72.9289782617702,2025,21003705.0,2025,1022.33559390754,2025,72.4341213663135,2025,2024,1,True,67.37310028,14150847.232165374,98.52941176470588,90.68627450980392,92.15686274509804,92.6470588235294,94.04411764705883,Higher,High,93.25980392156863,6.0,9.0,-3.0,Rural / access investigation,6
YEM,"Yemen, Rep.",17.49099922,2019,2023,50.8937810578557,2025,41773878.0,2018,633.887202451545,2025,62.9663335392922,2025,2018,7,True,62.50900078,26112433.724856246,96.07843137254902,95.09803921568627,82.84313725490196,97.05882352941177,93.99509803921569,Higher,Low,93.89705882352942,7.0,5.0,2.0,Rural / access investigation,7
MWI,Malawi,18.96159935,2024,2024,69.260530662121,2025,22216120.0,2025,671.506847203876,2025,82.4050131613683,2025,2024,1,True,61.03840065,13560364.33448478,93.62745098039215,89.70588235294117,99.01960784313727,96.07843137254902,93.75,Higher,High,93.3578431372549,8.0,8.0,0.0,Rural / access investigation,8
MDG,Madagascar,18.67790031,2024,2023,75.4562966735535,2025,32740678.0,2025,599.265294255357,2025,67.0982929163102,2025,2023,2,True,61.32209969,20077271.2023419,94.6078431372549,93.13725490196079,86.76470588235294,98.03921568627452,93.67647058823529,Higher,Medium,93.52941176470588,9.0,7.0,2.0,Rural / access investigation,9
SSD,South Sudan,6.671000004,2019,2023,46.6152369503945,2025,12188788.0,2015,1080.14718624765,2025,78.3156400982599,2025,2015,10,True,73.328999996,8937916.352032447,100.0,85.29411764705883,97.05882352941177,91.66666666666667,93.48039215686276,Higher,Low,92.00980392156862,10.0,13.0,-3.0,Rural / access investigation,10
SDN,Sudan,18.60000038,2017,2022,70.2084038614961,2025,51662147.0,2025,1164.53991699219,2025,65.0650555033395,2025,2017,8,True,61.39999962,31720558.06168384,95.09803921568627,96.07843137254902,84.80392156862744,89.2156862745098,92.67156862745097,Higher,Low,92.76960784313727,11.0,11.0,0.0,Rural / access investigation,11
MOZ,Mozambique,20.52729988,2024,2024,49.5047696961223,2025,35631653.0,2025,626.914419215727,2025,62.7922055072811,2025,2024,1,True,59.47270012,21191106.136488985,92.64705882352942,94.11764705882352,82.35294117647058,97.54901960784314,92.52450980392156,Higher,High,92.67156862745098,12.0,12.0,0.0,Rural / access investigation,12
COD,"Congo, Dem. Rep.",19.67350006,2024,2024,58.532153345468,2025,112832473.0,2025,806.776000708534,2025,54.8864366957849,2025,2024,1,True,60.326499940000005,68067881.75664552,93.13725490196079,98.52941176470588,74.01960784313727,95.09803921568627,92.27941176470588,Higher,High,92.8186274509804,13.0,10.0,3.0,Rural / access investigation,13
TZA,Tanzania,31.16209984,2024,2024,126.559163217786,2025,70545865.0,2025,1318.81921386719,2025,63.1166884063357,2025,2024,1,True,48.83790016,34453119.11570838,88.72549019607843,96.56862745098039,83.33333333333334,86.76470588235294,89.87745098039215,Higher,High,90.66176470588236,14.0,14.0,0.0,Rural / access investigation,14
BFA,Burkina Faso,28.25270081,2024,2024,116.5895933212,2025,24074580.0,2025,1147.57131635601,2025,71.0773639280915,2025,2024,1,True,51.74729919,12457944.941335902,90.19607843137256,88.72549019607843,91.17647058823529,89.70588235294117,89.80392156862744,Higher,High,89.65686274509804,15.0,15.0,0.0,Rural / access investigation,15
ZMB,Zambia,17.10099983,2024,2024,108.704779873813,2025,21913874.0,2025,1317.87771619597,2025,54.0828489838539,2025,2024,1,True,62.89900017,13783607.644513585,96.56862745098039,90.19607843137256,73.0392156862745,87.25490196078431,89.26470588235294,Higher,High,88.62745098039217,16.0,16.0,0.0,Rural / access investigation,16
CAF,Central African Republic,13.78250027,2024,2022,38.8217901039988,2025,5513282.0,2025,556.131398031455,2025,55.4467843318184,2025,2022,3,True,66.21749973,3650757.4934641374,98.0392156862745,78.92156862745098,75.0,98.52941176470588,88.94607843137254,Higher,Medium,87.0343137254902,17.0,20.0,-3.0,Rural / access investigation,17
PNG,Papua New Guinea,18.81159973,2024,2024,38.7651796406789,2025,10762817.0,2025,3019.5309140573,2025,84.2202551319724,2025,2024,1,True,61.18840027,6585595.546287606,94.11764705882352,83.33333333333334,99.50980392156863,75.98039215686275,88.06372549019608,Higher,High,86.98529411764706,18.0,21.0,-3.0,Rural / access investigation,18
RWA,Rwanda,31.70330048,2024,2024,93.201462876722,2025,14569341.0,2025,1123.73874633225,2025,69.0866159071838,2025,2024,1,True,48.29669952,7036510.844814164,88.23529411764706,84.31372549019608,89.70588235294117,90.68627450980392,87.76960784313725,Higher,High,87.37745098039215,19.0,19.0,0.0,Rural / access investigation,19
KEN,Kenya,34.97622513,2024,2024,126.477706000949,2025,57532493.0,2025,2362.86091198611,2025,67.7878807128255,2025,2024,1,True,45.02377487,25903300.125418507,85.29411764705883,94.6078431372549,87.74509803921569,79.41176470588235,87.27941176470588,Higher,High,88.2107843137255,20.0,17.0,3.0,Rural / access investigation,20
SOM,"Somalia, Fed. Rep.",27.94020081,2024,2023,53.9579646939598,2025,19654739.0,2025,661.173877723116,2025,44.8600937127024,2025,2023,2,True,52.05979919,10232217.654718611,90.68627450980392,86.76470588235294,66.17647058823529,96.56862745098039,87.00980392156862,Higher,Medium,86.61764705882354,21.0,25.0,-4.0,Rural / access investigation,21
MMR,Myanmar,45.4477005,2020,2024,114.329042129489,2025,54850648.0,2025,1488.87527836542,2025,69.4163084523233,2025,2020,5,True,34.5522995,18952160.17465076,80.3921568627451,92.64705882352942,90.19607843137256,85.29411764705883,86.51960784313725,Higher,Low,87.74509803921569,22.0,18.0,4.0,Rural / access investigation,22
MLI,Mali,36.80149841,2024,2022,112.119852778009,2025,25198821.0,2025,1193.27601004701,2025,67.7872862816011,2025,2022,3,True,43.19850159,10885513.090346253,83.82352941176471,87.74509803921569,87.25490196078431,88.72549019607843,86.49509803921569,Higher,Medium,86.8872549019608,23.0,22.0,1.0,Rural / access investigation,23
SLE,Sierra Leone,25.10499954,2024,2022,107.882000873042,2025,8819794.0,2025,846.296172499617,2025,54.0732218643319,2025,2022,3,True,54.89500046,4841625.956871052,91.17647058823529,81.37254901960785,72.54901960784314,94.6078431372549,86.12745098039214,Higher,Medium,85.1470588235294,24.0,27.0,-3.0,Rural / access investigation,24
GIN,Guinea,33.30469894,2024,2023,97.8794996455513,2025,15099727.0,2025,1877.2541220972,2025,61.4834665533438,2025,2023,2,True,46.69530106,7050862.981888106,86.76470588235294,84.80392156862744,81.86274509803921,82.84313725490196,84.65686274509804,Higher,Medium,84.4607843137255,25.0,28.0,-3.0,Rural / access investigation,25
PAK,Pakistan,57.253,2024,2024,76.8544559649986,2025,255219554.0,2025,1595.90912252837,2025,60.4743989020394,2025,2024,1,True,22.747,58054791.94838,75.0,98.0392156862745,80.3921568627451,84.31372549019608,84.58333333333333,Higher,High,86.88725490196079,26.0,23.0,3.0,Rural / access investigation,26
BGD,Bangladesh,53.42171316,2024,2024,108.077037369691,2025,175686899.0,2025,2597.34352335275,2025,66.7604152956025,2025,2024,1,True,26.57828684,46694567.95652108,76.47058823529412,97.54901960784314,86.27450980392157,77.94117647058823,84.55882352941177,Higher,High,86.66666666666667,27.0,24.0,3.0,Rural / access investigation,27
NGA,Nigeria,41.21139908,2024,2024,70.7619057835431,2025,237527782.0,2025,1224.25410237743,2025,36.2245819532128,2025,2024,1,True,38.78860092,92133703.4341076,81.86274509803921,99.50980392156863,50.98039215686274,87.74509803921569,83.70098039215685,Higher,High,85.4656862745098,28.0,26.0,2.0,Rural / access investigation,28
LBR,Liberia,32.23360062,2024,2022,32.0638885570006,2025,5731206.0,2025,915.328972645548,2025,43.9180252840662,2025,2022,3,True,47.76639938,2737590.747250523,87.74509803921569,77.45098039215686,63.23529411764706,94.11764705882354,82.25490196078431,Higher,Medium,81.22549019607844,29.0,31.0,-2.0,Rural / access investigation,29
BEN,Benin,33.98379898,2024,2024,125.940873932186,2025,14814460.0,2025,1658.27312662991,2025,46.6379926031812,2025,2024,1,True,46.01620102,6817051.693627491,85.7843137254902,83.82352941176471,67.64705882352942,83.33333333333334,81.98529411764706,Higher,High,81.78921568627452,30.0,30.0,0.0,Rural / access investigation,30
GNB,Guinea-Bissau,29.77739906,2024,2024,147.197631273872,2025,2249515.0,2025,1123.76679992349,2025,53.3489684718708,2025,2024,1,True,50.22260094,1129764.941535441,89.2156862745098,73.0392156862745,72.05882352941177,90.19607843137254,81.98529411764704,Higher,High,80.36764705882354,31.0,37.0,-6.0,Rural / access investigation,31
TLS,Timor-Leste,35.04199982,2021,2024,116.382391453038,2025,1418517.0,2025,1340.9640193437,2025,71.2135681039065,2025,2021,4,True,44.95800018,637736.8754133306,84.80392156862744,69.6078431372549,91.66666666666666,86.27450980392157,81.56862745098039,Higher,Low,80.04901960784315,32.0,39.0,-7.0,Rural / access investigation,32
TGO,Togo,39.48320007,2024,2024,80.8035554767112,2025,8591626.0,2025,1383.89974929887,2025,55.6050107925601,2025,2024,1,True,40.51679993,3481051.9171538614,83.33333333333334,78.43137254901961,75.49019607843137,85.7843137254902,81.1764705882353,Higher,High,80.68627450980392,33.0,34.0,-1.0,Rural / access investigation,33
SLB,Solomon Islands,29.04070091,2024,2022,62.0734995506142,2025,838645.0,2025,2086.18955928928,2025,68.6906809674582,2025,2022,3,True,50.95929909,427367.61385333055,89.70588235294117,67.15686274509804,89.2156862745098,80.88235294117646,81.10294117647058,Higher,Medium,78.84803921568627,34.0,41.0,-7.0,Rural / access investigation,34
SYR,Syrian Arab Republic,33.77000046,2018,2024,71.2231424453527,2025,25620427.0,2022,1056.78264718197,2025,27.9163713791482,2025,2018,7,True,46.22999954,11844323.284246037,86.27450980392157,88.23529411764706,36.27450980392157,92.15686274509804,80.5392156862745,Higher,Low,80.73529411764706,35.0,33.0,2.0,Affordability / economic investigation,35
IND,India,70.0,2025,2024,79.3526921826412,2025,1463865525.0,2025,2702.47987141553,2025,64.310844227604,2025,2024,1,True,10.0,146386552.5,64.2156862745098,100.0,84.31372549019608,76.9607843137255,80.51470588235294,Higher,High,84.09313725490196,36.0,29.0,7.0,Rural / access investigation,36
TJK,Tajikistan,55.79339981,2024,2023,76.215892145748,2025,10786734.0,2025,1637.2542942547,2025,73.83523729147,2025,2023,2,True,24.206600190000003,2611101.572938795,75.49019607843137,76.9607843137255,93.62745098039215,83.82352941176471,80.31862745098039,Higher,Medium,80.4656862745098,37.0,36.0,1.0,Rural / access investigation,37
CIV,Cote d'Ivoire,41.43219902,2024,2024,183.875985110648,2025,32711547.0,2025,3050.10202257321,2025,45.4510498549239,2025,2024,1,True,38.56780098,12616124.34443916,81.37254901960785,89.2156862745098,66.66666666666666,75.0,80.24509803921569,Higher,High,81.02941176470588,38.0,32.0,6.0,Rural / access investigation,38
TKM,Turkmenistan,17.99029922,2016,2021,88.1929367884543,2025,7618847.0,2025,6540.17876401136,2025,52.8946391746253,2025,2016,9,True,62.00970078,4724424.227586007,95.58823529411765,80.88235294117648,71.56862745098039,58.33333333333333,80.12254901960785,Higher,Low,78.65196078431374,39.0,42.0,-3.0,Rural / access investigation,39
ZWE,Zimbabwe,41.64279938,2024,2024,94.2451753366358,2025,16950795.0,2025,3021.43019873632,2025,59.5048712568548,2025,2024,1,True,38.35720062,6501850.444834929,80.88235294117648,82.84313725490196,78.92156862745098,75.49019607843138,80.09803921568627,Higher,High,80.29411764705884,40.0,38.0,2.0,Rural / access investigation,40
CMR,Cameroon,46.25880051,2024,2024,108.213130152497,2025,29879337.0,2025,1972.3815800786,2025,44.3307958338677,2025,2024,1,True,33.74119949,10081646.70345938,79.41176470588235,86.27450980392157,65.19607843137256,81.86274509803921,79.82843137254902,Higher,High,80.51470588235294,41.0,35.0,6.0,Rural / access investigation,41
COM,Comoros,32.51750183,2024,2023,109.855630436495,2025,882847.0,2025,2055.75921566281,2025,66.058452518639,2025,2023,2,True,47.48249817,419197.8106189,87.25490196078431,66.66666666666666,85.7843137254902,81.37254901960785,79.6813725490196,Higher,Medium,77.62254901960785,42.0,44.0,-2.0,Rural / access investigation,42
VUT,Vanuatu,22.35140038,2015,2023,89.2943082123161,2025,335169.0,2025,4038.73520713411,2025,77.6780111163278,2025,2015,10,True,57.64859962,193220.2348603578,91.66666666666666,63.725490196078425,96.56862745098039,69.11764705882354,79.50980392156862,Higher,Low,76.7156862745098,43.0,47.0,-4.0,Rural / access investigation,43
LKA,Sri Lanka,54.59,2024,2024,132.548743018664,2025,21756000.0,2025,5002.07904353724,2025,79.5498644832063,2025,2024,1,True,25.41,5528199.599999999,75.98039215686273,81.86274509803921,98.0392156862745,64.2156862745098,78.70098039215685,Higher,High,79.2892156862745,44.0,40.0,4.0,Rural / access investigation,44
LSO,Lesotho,51.79660034,2024,2024,70.328049309004,2025,2363325.0,2025,1088.96276223185,2025,55.3304144182891,2025,2024,1,True,28.20339966,666537.9950146951,76.9607843137255,70.09803921568627,74.50980392156863,91.17647058823529,77.37745098039215,Higher,High,76.69117647058823,45.0,48.0,-3.0,Rural / access investigation,45
NPL,Nepal,46.32189941,2024,2024,99.8471420273964,2025,29618118.0,2025,1535.87781246307,2025,33.000575115141,2025,2024,1,True,33.67810059,9974819.572904896,78.92156862745098,85.7843137254902,45.09803921568628,84.80392156862746,77.08333333333334,Higher,High,77.76960784313727,46.0,43.0,3.0,Affordability / economic investigation,46
HTI,Haiti,47.8614006,2024,2022,65.1889329311174,2025,11906095.0,2025,2694.18969101404,2025,44.3851144140058,2025,2022,3,True,32.1385994,3826452.17623343,77.94117647058823,80.3921568627451,65.68627450980392,77.45098039215686,76.74019607843137,Higher,Medium,76.98529411764706,47.0,46.0,1.0,Rural / access investigation,47
AGO,Angola,40.70479965,2024,2024,69.7039467163584,2025,39040039.0,2025,3129.47662331063,2025,28.5384084823915,2025,2024,1,True,39.29520035,15340861.541768136,82.35294117647058,91.66666666666666,37.745098039215684,73.52941176470588,76.69117647058823,Higher,High,77.62254901960785,48.0,44.0,4.0,Affordability / economic investigation,48
SEN,Senegal,60.11780167,2024,2024,123.894453697506,2025,18931966.0,2025,1954.71174194867,2025,44.2327505544754,2025,2024,1,True,19.88219833,3764091.027888168,73.0392156862745,79.90196078431373,64.70588235294117,82.35294117647058,75.71078431372548,Higher,High,76.3970588235294,49.0,50.0,-1.0,Rural / access investigation,49
FSM,"Micronesia, Fed. Sts.",39.52360153,2024,2022,19.9885830493962,2025,113683.0,2025,4414.00737137479,2025,77.5190709377297,2025,2022,3,True,40.47639847,46014.7840726501,82.84313725490196,60.78431372549019,96.07843137254902,67.15686274509804,75.07352941176471,Higher,Medium,72.86764705882354,50.0,58.0,-8.0,Rural / access investigation,50
MRT,Mauritania,45.77939987,2024,2024,92.0748946443443,2025,5315065.0,2025,2197.51046251309,2025,38.5111809462304,2025,2024,1,True,34.22060013,1818847.1402995845,79.90196078431373,75.0,56.372549019607845,80.3921568627451,75.0,Higher,High,74.50980392156862,51.0,52.0,-1.0,Rural / access investigation,51
GMB,"Gambia, The",49.49430084,2024,2024,126.243773523653,2025,2822093.0,2025,919.060423427951,2025,35.0115138674419,2025,2024,1,True,30.50569916,860899.2005954188,77.45098039215686,71.07843137254902,49.01960784313725,93.62745098039215,74.50980392156862,Higher,High,73.87254901960785,52.0,55.0,-3.0,Affordability / economic investigation,52
PHL,Philippines,67.26300914,2024,2024,115.298749599352,2025,116786962.0,2025,4170.72347271451,2025,44.2267092394668,2025,2024,1,True,12.736990860000006,14875144.67561168,67.64705882352942,91.17647058823529,64.2156862745098,67.64705882352942,74.19117647058823,Higher,High,76.54411764705883,53.0,49.0,4.0,Rural / access investigation,53
LAO,Lao PDR,65.59269714,2024,2023,64.7588066942788,2025,7873046.0,2025,2324.76353098791,2025,59.6870164959299,2025,2023,2,True,14.40730286,1134293.5815271158,69.11764705882352,73.52941176470588,79.41176470588235,79.90196078431373,74.1421568627451,Higher,Medium,74.58333333333333,54.0,51.0,3.0,Rural / access investigation,54
COG,"Congo, Rep.",47.25159836,2024,2024,95.5319320614796,2025,6484437.0,2025,2514.73393584747,2025,35.8763465182588,2025,2024,1,True,32.74840164,2123549.4728527665,78.43137254901961,75.98039215686273,50.0,78.92156862745098,73.52941176470588,Higher,High,73.2843137254902,55.0,57.0,-2.0,Affordability / economic investigation,55
KHM,Cambodia,68.47530365,2024,2024,116.091961125929,2025,17847982.0,2025,2872.42926639909,2025,58.89438060599,2025,2024,1,True,11.52469635,2056925.7301026569,65.68627450980392,75.49019607843137,78.43137254901961,76.47058823529412,72.69607843137254,Higher,High,73.67647058823529,56.0,56.0,0.0,Rural / access investigation,56
HND,Honduras,58.62269974,2024,2024,70.9397440517258,2025,11005850.0,2025,3598.21450440452,2025,40.7482924099341,2025,2024,1,True,21.37730026,2352753.60066521,74.01960784313727,76.47058823529412,60.29411764705882,71.07843137254902,72.1078431372549,Higher,High,72.3529411764706,57.0,59.0,-2.0,Rural / access investigation,57
EGY,"Egypt, Arab Rep.",74.64839935,2024,2024,97.1295066037455,2025,118365995.0,2025,3085.80712036204,2025,57.0956795074752,2025,2024,1,True,5.351600649999995,6334475.357798961,59.31372549019608,82.35294117647058,76.9607843137255,74.01960784313725,71.81372549019608,Higher,High,74.11764705882354,58.0,54.0,4.0,Rural / access investigation,58
SWZ,Eswatini,63.40309906,2024,2024,139.833459658744,2025,1256174.0,2025,4108.25221093363,2025,73.2786290293475,2025,2024,1,True,16.596900939999998,208485.9544140356,71.07843137254902,64.2156862745098,92.64705882352942,68.13725490196079,71.66666666666667,Higher,High,70.98039215686275,59.0,61.0,-2.0,Rural / access investigation,59
NIC,Nicaragua,61.39550018,2024,2024,105.961143065351,2025,7007502.0,2025,3173.33724815085,2025,40.5564107042668,2025,2024,1,True,18.60449982,1303710.6969764964,72.05882352941177,74.50980392156863,58.82352941176471,72.54901960784314,70.90686274509805,Higher,High,71.15196078431374,60.0,60.0,0.0,Rural / access investigation,60
IDN,Indonesia,72.78075544,2024,2024,122.514946500491,2025,285721236.0,2025,5059.62596411213,2025,40.6070936030016,2025,2024,1,True,7.219244560000007,20626914.78669478,60.29411764705882,93.62745098039215,59.80392156862745,63.72549019607843,70.90686274509804,Higher,High,74.24019607843137,61.0,53.0,8.0,Rural / access investigation,61
GTM,Guatemala,60.22140121,2024,2024,112.520863034346,2025,18687881.0,2025,6598.18032988711,2025,43.7027966986001,2025,2024,1,True,19.77859879,3696201.005342639,72.54901960784314,79.41176470588235,62.745098039215684,56.86274509803921,70.0,Higher,High,70.68627450980392,62.0,62.0,0.0,Rural / access investigation,62
GHA,Ghana,72.17569733,2024,2024,113.647966704673,2025,35064272.0,2025,3257.1588903576,2025,41.0753138526875,2025,2024,1,True,7.824302669999994,2743534.7703120606,62.254901960784316,77.94117647058823,60.78431372549019,72.05882352941177,68.70098039215686,Higher,High,70.26960784313727,63.0,63.0,0.0,Rural / access investigation,63
NAM,Namibia,64.87460327,2024,2024,85.1648988113055,2025,3092816.0,2025,4875.92558158247,2025,49.1333015600674,2025,2024,1,True,15.125396730000006,467800.6901289169,70.09803921568627,68.13725490196079,70.58823529411765,64.70588235294117,68.50490196078431,Higher,High,68.30882352941177,64.0,64.0,0.0,Rural / access investigation,64
TON,Tonga,67.4417038,2024,2022,61.7257858761257,2025,103742.0,2025,6547.18646814228,2025,78.8438593782552,2025,2022,3,True,12.5582962,13028.227643804,67.15686274509804,56.86274509803921,97.54901960784314,57.84313725490196,66.76470588235294,Higher,Medium,65.73529411764706,65.0,65.0,0.0,Rural / access investigation,65
TUV,Tuvalu,35.20000076,2017,2022,98.8590872698158,2025,9492.0,2025,6041.44908591428,2025,34.5519290474907,2025,2017,8,True,44.79999924,4252.4159278608,84.31372549019608,54.41176470588235,48.529411764705884,59.80392156862745,65.0735294117647,Medium,Low,62.083333333333336,66.0,69.0,-3.0,Affordability / economic investigation,66
STP,Sao Tome and Principe,59.11759949,2024,2024,62.4367400312479,2025,240254.0,2025,4084.40062145233,2025,30.8278134584016,2025,2024,1,True,20.88240051,50170.80252129539,73.52941176470588,61.76470588235294,42.64705882352941,68.62745098039215,64.38725490196079,Medium,High,63.2107843137255,67.0,67.0,0.0,Affordability / economic investigation,67
BWA,Botswana,57.45950036,2024,2024,163.999922257361,2025,2562122.0,2025,7778.1151090571,2025,32.0440438467898,2025,2024,1,True,22.54049964,577515.1001863608,74.50980392156863,69.11764705882352,44.6078431372549,52.94117647058824,64.09313725490196,Medium,High,63.55392156862746,68.0,66.0,2.0,Affordability / economic investigation,68
DJI,Djibouti,65.29889679,2024,2023,48.4504884885996,2025,1184076.0,2025,3905.604954681,2025,27.0241339313525,2025,2023,2,True,14.70110321,174072.2348448396,69.6078431372549,63.23529411764706,34.80392156862745,70.58823529411765,62.671568627450974,Medium,Medium,62.0343137254902,69.0,70.0,-1.0,Affordability / economic investigation,69
LCA,St. Lucia,68.20500183,2024,2022,98.6676436534083,2025,180149.0,2025,14745.8184305461,2025,70.903428868893,2025,2022,3,True,11.79499817,21248.5712532733,66.17647058823529,58.82352941176471,90.68627450980392,38.725490196078425,62.15686274509804,Medium,Medium,61.42156862745098,70.0,72.0,-2.0,Rural / access investigation,70
SLV,El Salvador,66.47769928,2024,2024,176.517423814642,2025,6365503.0,2025,5766.72574029107,2025,24.4762876790049,2025,2024,1,True,13.522300720000004,860762.4580006218,68.13725490196079,70.58823529411765,31.862745098039213,61.27450980392157,62.05882352941177,Medium,High,62.30392156862746,71.0,68.0,3.0,Affordability / economic investigation,71
GNQ,Equatorial Guinea,63.29930115,2024,2022,49.5380486763568,2025,1938431.0,2025,6615.25245207167,2025,28.4238971541303,2025,2022,3,True,16.700698850000002,323731.5237250435,71.56862745098039,65.19607843137256,36.76470588235294,56.372549019607845,61.39705882352941,Medium,Medium,60.759803921568626,72.0,73.0,-1.0,Affordability / economic investigation,72
GRD,Grenada,70.16159821,2024,2022,95.759239776586,2025,117303.0,2025,12106.8790105068,2025,63.3291935663173,2025,2022,3,True,9.838401790000006,11540.740451723708,63.725490196078425,56.372549019607845,83.82352941176471,43.627450980392155,60.514705882352935,Medium,Medium,59.77941176470589,73.0,79.0,-6.0,Rural / access investigation,73
MUS,Mauritius,73.30793533,2024,2024,172.68356921857,2025,1243741.0,2025,12991.2935987166,2025,60.9630336631476,2025,2024,1,True,6.6920646699999935,83231.95204730463,59.80392156862745,62.745098039215684,80.88235294117648,42.64705882352941,60.416666666666664,Medium,High,60.71078431372549,74.0,74.0,0.0,Rural / access investigation,74
ZAF,South Africa,78.35759735,2024,2024,179.336329840585,2025,64747319.0,2025,6597.71450918774,2025,36.1845988997478,2025,2024,1,True,1.642402649999994,1063411.6830599497,54.41176470588235,72.54901960784314,50.49019607843137,57.35294117647059,59.85294117647057,Medium,High,61.666666666666664,75.0,71.0,4.0,Rural / access investigation,75
TUN,Tunisia,76.5,2024,2024,117.606816067203,2025,12348573.0,2025,4656.63818386852,2025,29.2970673990136,2025,2024,1,True,3.5,432200.055,57.35294117647059,67.64705882352942,39.21568627450981,65.68627450980392,59.38725490196079,Medium,High,60.41666666666667,76.0,75.0,1.0,Affordability / economic investigation,76
MDA,Moldova,77.3687973,2024,2024,120.083487069521,2025,2360527.0,2025,8621.71721623786,2025,56.2663759595455,2025,2024,1,True,2.631202700000003,62110.25015822907,55.392156862745104,62.254901960784316,75.98039215686273,49.01960784313726,59.264705882352935,Medium,High,59.95098039215687,77.0,76.0,1.0,Rural / access investigation,77
FJI,Fiji,74.7052002,2024,2024,574.152332512188,2025,933154.0,2025,6642.00449450523,2025,40.4555448163631,2025,2024,1,True,5.294799800000007,49408.63612569207,58.82352941176471,61.274509803921575,58.333333333333336,55.88235294117647,58.89705882352941,Medium,High,59.142156862745104,78.0,80.0,-2.0,Rural / access investigation,78
ECU,Ecuador,77.17273115,2024,2024,101.598265014024,2025,18289896.0,2025,7125.27618527738,2025,36.6081810941738,2025,2024,1,True,2.827268849999996,517104.5323053952,55.88235294117647,68.62745098039215,51.470588235294116,53.92156862745098,58.651960784313715,Medium,High,59.92647058823529,79.0,77.0,2.0,Rural / access investigation,79
ATG,Antigua and Barbuda,72.73040009,2024,2022,200.540715208962,2025,94209.0,2025,24819.2454680158,2025,75.6665165299339,2025,2022,3,True,7.269599909999997,6848.617379211896,61.274509803921575,55.88235294117647,95.09803921568627,30.392156862745097,58.55392156862745,Medium,Medium,58.01470588235294,80.0,83.0,-3.0,Rural / access investigation,80
DZA,Algeria,77.4178009,2024,2024,115.457278573892,2025,47435312.0,2025,6051.00322704182,2025,24.1812641930123,2025,2024,1,True,2.582199099999997,1224874.1995461904,54.90196078431373,74.01960784313727,31.372549019607842,59.31372549019608,57.99019607843137,Medium,High,59.90196078431373,81.0,78.0,3.0,Affordability / economic investigation,81
CUB,Cuba,70.47699738,2024,2024,72.930002350684,2025,10937203.0,2020,9605.27914559614,2025,22.7729225178848,2025,2020,5,True,9.52300262,1041550.1282447188,62.745098039215684,72.05882352941177,30.88235294117647,48.0392156862745,57.818627450980394,Medium,Low,58.75000000000001,82.0,82.0,0.0,Mixed barriers — investigate,82
VEN,"Venezuela, RB",76.67890167,2024,2024,71.0075917225029,2025,28516896.0,2025,3494.8138870244,2025,10.6780887701012,2025,2024,1,True,3.321098329999998,947074.1568238364,56.86274509803921,71.56862745098039,13.23529411764706,71.56862745098039,57.671568627450974,Medium,High,59.1421568627451,83.0,81.0,2.0,Affordability / economic investigation,83
VCT,St. Vincent and the Grenadines,76.19010162,2024,2024,108.354536057883,2025,99924.0,2025,12561.769166789,2025,52.0189519618179,2025,2024,1,True,3.809898380000007,3807.002857231207,57.84313725490197,53.92156862745098,71.07843137254902,43.13725490196079,55.7107843137255,Medium,High,55.3186274509804,84.0,85.0,-1.0,Rural / access investigation,84
KNA,St. Kitts and Nevis,76.88400269,2024,2023,118.893023653706,2025,46922.0,2025,25223.0257622185,2025,68.1012286861717,2025,2023,2,True,3.1159973099999974,1462.0882577981988,56.372549019607845,53.431372549019606,88.72549019607843,29.411764705882348,54.95098039215686,Medium,Medium,54.65686274509804,85.0,88.0,-3.0,Rural / access investigation,85
CPV,Cabo Verde,74.73519897,2024,2024,111.84067886381,2025,527326.0,2025,5796.47207860911,2025,22.3699331989932,2025,2024,1,True,5.264801030000001,27762.664679457805,58.333333333333336,59.80392156862745,29.411764705882355,60.78431372549019,54.9264705882353,Medium,High,55.07352941176471,86.0,87.0,-1.0,Affordability / economic investigation,86
BOL,Bolivia,79.70469666,2024,2024,98.0287940811943,2025,12581843.0,2025,5147.81081955367,2025,28.4368962734131,2025,2024,1,True,0.2953033400000038,37154.60261255668,53.431372549019606,60.29411764705882,37.254901960784316,62.745098039215684,54.92647058823528,Medium,High,55.61274509803921,87.0,84.0,3.0,Affordability / economic investigation,87
PAN,Panama,72.77149963,2024,2023,156.586507591014,2025,4571189.0,2025,19789.7308555826,2025,33.8499000581874,2025,2023,2,True,7.228500370000006,330428.4137783996,60.78431372549019,65.68627450980392,46.568627450980394,33.82352941176471,54.73039215686275,Medium,Medium,55.220588235294116,88.0,86.0,2.0,Usage / adoption investigation,88
MHL,Marshall Islands,65.915802,2024,2022,39.7060658232902,2025,36282.0,2025,8489.05793506422,2025,20.894496908548,2025,2022,3,True,14.084198,5110.02871836,68.62745098039215,54.90196078431373,27.941176470588236,50.0,54.6813725490196,Medium,Medium,53.30882352941177,89.0,93.0,-4.0,Affordability / economic investigation,89
BRB,Barbados,70.36470032,2024,2022,114.580721030894,2025,282623.0,2025,28364.8181499736,2025,40.3003760112993,2025,2022,3,True,9.635299680000005,27231.57301460641,63.23529411764706,59.31372549019608,57.84313725490197,26.960784313725497,53.99509803921569,Medium,Medium,53.602941176470594,90.0,91.0,-1.0,Rural / access investigation,90
GAB,Gabon,68.72090149,2024,2024,125.337107593999,2025,2593130.0,2025,8263.03321595,2025,7.91233333179321,2025,2024,1,True,11.279098509999995,292481.6871923629,65.19607843137256,64.70588235294117,10.784313725490197,50.49019607843137,53.946078431372555,Medium,High,53.89705882352942,91.0,90.0,1.0,Affordability / economic investigation,91
PYF,French Polynesia,72.7038953132942,2017,2023,118.777524029055,2025,282465.0,2024,22439.8838746025,2025,38.2416233526169,2025,2017,8,True,7.296104686705803,20608.942103303547,61.76470588235294,58.333333333333336,54.90196078431373,31.862745098039213,53.72549019607843,Medium,Low,53.38235294117648,92.0,92.0,0.0,Rural / access investigation,92
COL,Colombia,79.34543299,2024,2024,174.094289675393,2025,53425635.0,2025,8561.62091854449,2025,21.2172085248849,2025,2024,1,True,0.6545670099999938,349706.5815930102,53.92156862745098,66.17647058823529,28.921568627450984,49.50980392156863,52.9656862745098,Medium,High,54.19117647058824,93.0,89.0,4.0,Usage / adoption investigation,93
CUW,Curacao,68.1272162511339,2017,2023,93.7975591472655,2025,156263.0,2024,22832.895498987,2025,8.5272285013875,2025,2017,8,True,11.872783748866098,18552.76806949063,66.66666666666666,57.84313725490197,11.76470588235294,30.882352941176478,48.62745098039216,Medium,Low,47.74509803921569,94.0,94.0,0.0,Mixed barriers — investigate,94
VIR,Virgin Islands (U.S.),64.3774942980087,2017,2022,91.4619626157421,2025,103792.0,2022,44320.909185774,2025,4.611420924462,2025,2017,8,True,15.6225057019913,16214.91111821081,70.58823529411765,57.35294117647059,7.352941176470589,16.17647058823529,46.24999999999999,Medium,Low,44.9264705882353,95.0,96.0,-1.0,Mixed barriers — investigate,95
KGZ,Kyrgyz Republic,92.0286026,2024,2024,107.49229509732,2025,7343064.0,2025,3080.96893823359,2025,65.2536462738943,2025,2024,1,True,0.0,0.0,26.715686274509803,26.715686274509803,85.29411764705883,74.50980392156863,45.06127450980392,Medium,High,45.06127450980393,96.0,95.0,1.0,Rural / access investigation,96
GRL,Greenland,69.4824617821988,2017,2022,118.637256652974,2025,56831.0,2023,58498.9707973609,2025,11.4259891344848,2025,2017,8,True,10.517538217801205,5977.222144558602,64.70588235294117,55.392156862745104,15.686274509803921,11.274509803921575,43.872549019607845,Medium,Low,42.94117647058824,97.0,97.0,0.0,Usage / adoption investigation,97
VNM,Viet Nam,84.15,2024,2024,127.606471743496,2025,101598527.0,2025,5065.99091899299,2025,61.1700839648706,2025,2024,1,True,0.0,0.0,26.715686274509803,26.715686274509803,81.37254901960785,63.23529411764706,42.21813725490196,Medium,High,42.21813725490196,98.0,98.0,0.0,Rural / access investigation,98
BTN,Bhutan,91.27739716,2024,2024,99.7576826476519,2025,796682.0,2025,4492.78400306618,2025,56.5698167526247,2025,2024,1,True,0.0,0.0,26.715686274509803,26.715686274509803,76.47058823529412,66.17647058823529,42.07107843137255,Medium,High,42.07107843137255,99.0,99.0,0.0,Rural / access investigation,99
UZB,Uzbekistan,89.50550079,2024,2024,110.492018573638,2025,37053428.0,2025,3968.2720079072,2025,48.9826504915701,2025,2024,1,True,0.0,0.0,26.715686274509803,26.715686274509803,69.6078431372549,69.6078431372549,41.72794117647059,Medium,High,41.727941176470594,100.0,100.0,0.0,Rural / access investigation,100
KIR,Kiribati,89.44029999,2024,2024,53.5244353915461,2025,136488.0,2025,2558.66636011102,2025,36.6149142217129,2025,2024,1,True,0.0,0.0,26.715686274509803,26.715686274509803,51.9607843137255,78.43137254901961,40.845588235294116,Medium,High,40.84558823529412,101.0,101.0,0.0,Rural / access investigation,101
BLZ,Belize,80.00582262,2024,2022,67.1750266305468,2025,422924.0,2025,7865.47937690933,2025,58.4378564571728,2025,2022,3,True,0.0,0.0,26.715686274509803,26.715686274509803,77.94117647058823,52.450980392156865,39.54656862745098,Medium,Medium,39.54656862745098,102.0,102.0,0.0,Rural / access investigation,102
XKX,Kosovo,89.4430319734879,2018,2022,34.5402009143477,2025,1576876.0,2025,7899.41841135202,2025,49.0739028349602,2025,2018,7,True,0.0,0.0,26.715686274509803,26.715686274509803,70.09803921568627,51.96078431372549,38.272058823529406,Medium,Low,38.27205882352941,103.0,103.0,0.0,Rural / access investigation,103
MAR,Morocco,91.2,2024,2024,153.057260079672,2025,38430770.0,2025,4672.46826171875,2025,36.8721387739731,2025,2024,1,True,0.0,0.0,26.715686274509803,26.715686274509803,52.450980392156865,65.19607843137254,38.272058823529406,Medium,High,38.27205882352941,103.0,103.0,0.0,Rural / access investigation,104
AZE,Azerbaijan,90.80000181,2025,2024,109.543149535867,2025,10246996.0,2025,7410.72281660142,2025,41.3628975718825,2025,2024,1,True,0.0,0.0,26.715686274509803,26.715686274509803,61.76470588235294,53.431372549019606,37.31617647058823,Medium,High,37.31617647058824,105.0,105.0,0.0,Rural / access investigation,105
MDV,Maldives,85.23999786,2024,2024,148.137074909198,2025,529676.0,2025,14614.7208116541,2025,57.4938432004533,2025,2024,1,True,0.0,0.0,26.715686274509803,26.715686274509803,77.45098039215686,40.19607843137255,37.022058823529406,Medium,High,37.02205882352941,106.0,106.0,0.0,Rural / access investigation,106
BIH,Bosnia and Herzegovina,86.10091103,2024,2024,121.232373011893,2025,3140095.0,2025,10381.8460703874,2025,47.3084559220439,2025,2024,1,True,0.0,0.0,26.715686274509803,26.715686274509803,68.62745098039215,46.07843137254902,36.875,Medium,High,36.875,107.0,107.0,0.0,Rural / access investigation,107
JAM,Jamaica,90.10870361,2024,2024,117.693907561175,2025,2837077.0,2025,8002.92104076242,2025,40.5745948248372,2025,2024,1,True,0.0,0.0,26.715686274509803,26.715686274509803,59.31372549019608,51.470588235294116,36.556372549019606,Medium,High,36.55637254901961,108.0,108.0,0.0,Rural / access investigation,108
GUY,Guyana,83.00080109,2024,2022,112.56503784518,2025,835986.0,2025,32413.7930757518,2025,73.5086123451019,2025,2022,3,True,0.0,0.0,26.715686274509803,26.715686274509803,93.13725490196079,23.039215686274503,35.943627450980394,Medium,Medium,35.943627450980394,109.0,109.0,0.0,Rural / access investigation,109
IRN,"Iran, Islamic Rep.",85.3404007,2024,2024,174.066388972063,2025,92417681.0,2025,3924.38017821898,2025,22.6238469058249,2025,2024,1,True,0.0,0.0,26.715686274509803,26.715686274509803,30.392156862745097,70.09803921568627,35.94362745098039,Medium,High,35.943627450980394,110.0,109.0,1.0,Affordability / economic investigation,110
IRQ,Iraq,81.47450256,2024,2024,100.080276677726,2025,47020774.0,2025,5409.67899716967,2025,30.0603260531895,2025,2024,1,True,0.0,0.0,26.715686274509803,26.715686274509803,40.68627450980392,61.76470588235294,35.82107843137255,Medium,High,35.82107843137255,111.0,111.0,0.0,Affordability / economic investigation,111
UKR,Ukraine,82.47489929,2024,2023,133.38012811971,2025,38980376.0,2025,5865.884765625,2025,30.4045075354236,2025,2023,2,True,0.0,0.0,26.715686274509803,26.715686274509803,42.15686274509804,60.294117647058826,35.747549019607845,Medium,Medium,35.747549019607845,112.0,112.0,0.0,Affordability / economic investigation,112
THA,Thailand,90.86718789,2024,2024,160.639312286761,2025,71619863.0,2025,8056.56359761558,2025,37.2006622863704,2025,2024,1,True,0.0,0.0,26.715686274509803,26.715686274509803,53.431372549019606,50.98039215686275,35.57598039215686,Medium,High,35.575980392156865,113.0,113.0,0.0,Rural / access investigation,113
SUR,Suriname,87.4,2023,2024,142.122626416427,2025,639850.0,2025,7069.87230892274,2025,34.2113163593294,2025,2023,2,True,0.0,0.0,26.715686274509803,26.715686274509803,47.549019607843135,54.90196078431372,35.47794117647059,Medium,Medium,35.477941176470594,114.0,114.0,0.0,Affordability / economic investigation,114
SYC,Seychelles,87.81800079,2024,2024,125.616862703001,2025,122730.0,2025,19449.3836346926,2025,54.5171609295391,2025,2024,1,True,0.0,0.0,26.715686274509803,26.715686274509803,73.52941176470588,34.803921568627445,35.35539215686274,Medium,High,35.35539215686275,115.0,115.0,0.0,Rural / access investigation,115
GEO,Georgia,83.79855689,2024,2024,161.201784818537,2025,3935766.0,2025,9691.53472415196,2025,38.8218635909594,2025,2024,1,True,0.0,0.0,26.715686274509803,26.715686274509803,56.86274509803921,47.05882352941176,35.306372549019606,Medium,High,35.30637254901961,116.0,116.0,0.0,Rural / access investigation,116
ALB,Albania,85.86389923,2024,2024,89.1328603947682,2025,2349580.0,2025,12998.147869552,2025,41.128525668933,2025,2024,1,True,0.0,0.0,26.715686274509803,26.715686274509803,61.274509803921575,42.15686274509803,34.98774509803921,Medium,High,34.98774509803921,117.0,117.0,0.0,Rural / access investigation,117
PSE,West Bank and Gaza,86.63765334,2023,2023,76.6918854204372,2025,5413596.0,2025,3171.10844621579,2025,12.6181037036607,2025,2023,2,True,0.0,0.0,26.715686274509803,26.715686274509803,18.137254901960784,73.0392156862745,34.69362745098039,Medium,Medium,34.693627450980394,118.0,118.0,0.0,Affordability / economic investigation,118
TTO,Trinidad and Tobago,82.15989685,2024,2024,118.786668099235,2025,1367764.0,2025,18967.2704636681,2025,46.0303912582894,2025,2024,1,True,0.0,0.0,26.715686274509803,26.715686274509803,67.15686274509804,35.294117647058826,34.497549019607845,Medium,High,34.497549019607845,119.0,119.0,0.0,Rural / access investigation,119
PRY,Paraguay,81.57806793,2024,2023,126.605481531224,2025,7013078.0,2025,7026.61906146401,2025,29.6102360144136,2025,2023,2,True,0.0,0.0,26.715686274509803,26.715686274509803,40.19607843137255,55.3921568627451,34.47303921568627,Medium,Medium,34.47303921568628,120.0,120.0,0.0,Affordability / economic investigation,120
MKD,North Macedonia,93.1,2025,2024,108.38712260883,2025,1820909.0,2025,10489.9255355525,2025,37.1090142173964,2025,2024,1,True,0.0,0.0,26.715686274509803,26.715686274509803,52.94117647058824,45.58823529411765,34.424019607843135,Medium,High,34.42401960784314,121.0,121.0,0.0,Rural / access investigation,121
ARM,Armenia,81.33930206,2024,2024,134.88694751567,2025,3086700.0,2025,9474.01849300368,2025,34.0712984410128,2025,2024,1,True,0.0,0.0,26.715686274509803,26.715686274509803,47.05882352941176,48.529411764705884,34.12990196078431,Medium,High,34.129901960784316,122.0,122.0,0.0,Usage / adoption investigation,122
ROU,Romania,91.29048551,2024,2024,119.804862328273,2025,19020271.0,2025,22537.9532108047,2025,47.8271114958302,2025,2024,1,True,0.0,0.0,26.715686274509803,26.715686274509803,69.11764705882352,31.372549019607845,34.007352941176464,Medium,High,34.00735294117647,123.0,123.0,0.0,Rural / access investigation,123
MNG,Mongolia,85.12349701,2024,2024,140.670025377351,2025,3568978.0,2025,7108.22743246244,2025,28.8549280873877,2025,2024,1,True,0.0,0.0,26.715686274509803,26.715686274509803,38.23529411764706,54.411764705882355,33.9828431372549,Medium,High,33.9828431372549,124.0,124.0,0.0,Affordability / economic investigation,124
KAZ,Kazakhstan,93.39167254,2024,2024,127.085151242164,2025,20843754.0,2025,14692.1331757237,2025,37.6144430492013,2025,2024,1,True,0.0,0.0,26.715686274509803,26.715686274509803,54.41176470588235,39.21568627450981,33.370098039215684,Medium,High,33.37009803921569,125.0,125.0,0.0,Rural / access investigation,125
SRB,Serbia,87.69071294,2024,2024,123.822194984291,2025,6549143.0,2025,15262.0464193413,2025,37.3620127200667,2025,2024,1,True,0.0,0.0,26.715686274509803,26.715686274509803,53.92156862745098,37.254901960784316,32.904411764705884,Lower,High,32.904411764705884,126.0,126.0,0.0,Rural / access investigation,126
SVK,Slovak Republic,89.82507032,2024,2024,139.967676092657,2025,5413813.0,2025,28543.6653439813,2025,46.8059658028831,2025,2024,1,True,0.0,0.0,26.715686274509803,26.715686274509803,68.13725490196079,25.980392156862735,32.78186274509804,Lower,High,32.78186274509804,127.0,127.0,0.0,Rural / access investigation,127
LBN,Lebanon,80.63400269,2024,2022,74.0148340435503,2025,5849421.0,2024,4473.27134441128,2025,9.0397685736956,2025,2022,3,True,0.0,0.0,26.715686274509803,26.715686274509803,12.254901960784313,66.66666666666667,32.536764705882355,Lower,Medium,32.536764705882355,128.0,128.0,0.0,Affordability / economic investigation,128
CHN,China,91.6,2025,2024,131.753932036803,2025,1406585000.0,2025,13861.970224368,2025,33.6570089651728,2025,2024,1,True,0.0,0.0,26.715686274509803,26.715686274509803,46.07843137254902,41.17647058823529,32.51225490196078,Lower,High,32.51225490196079,129.0,129.0,0.0,Usage / adoption investigation,129
LIE,Liechtenstein,98.2641983,2024,2024,128.901429646351,2025,41024.0,2024,220167.225473557,2025,85.3701001006707,2025,2024,1,True,0.0,0.0,26.715686274509803,26.715686274509803,100.0,0.49019607843136725,32.46323529411764,Lower,High,32.463235294117645,130.0,130.0,0.0,Rural / access investigation,130
MNE,Montenegro,88.88258428,2024,2024,221.687322527444,2025,623129.0,2025,14816.8380299947,2025,34.3914916478964,2025,2024,1,True,0.0,0.0,26.715686274509803,26.715686274509803,48.03921568627451,38.23529411764706,32.21813725490196,Lower,High,32.21813725490196,131.0,131.0,0.0,Usage / adoption investigation,131
HRV,Croatia,83.63240029,2024,2024,121.732525659138,2025,3876200.0,2025,27103.9116109268,2025,42.1855456395857,2025,2024,1,True,0.0,0.0,26.715686274509803,26.715686274509803,62.254901960784316,27.450980392156865,32.193627450980394,Lower,High,32.193627450980394,132.0,132.0,0.0,Rural / access investigation,132
LBY,Libya,81.95449829,2024,2022,192.97309381967,2025,7458555.0,2025,6448.82415074121,2025,12.0887586984779,2025,2022,3,True,0.0,0.0,26.715686274509803,26.715686274509803,16.666666666666664,58.82352941176471,31.629901960784313,Lower,Medium,31.629901960784316,133.0,133.0,0.0,Affordability / economic investigation,133
DOM,Dominican Republic,91.0022446,2024,2024,93.7095828968519,2025,11520487.0,2025,11059.2081531834,2025,27.482305937409,2025,2024,1,True,0.0,0.0,26.715686274509803,26.715686274509803,35.78431372549019,44.11764705882353,31.556372549019606,Lower,High,31.55637254901961,134.0,134.0,0.0,Mixed barriers — investigate,134
DMA,Dominica,82.04689789,2024,2022,85.1898961482058,2025,65871.0,2025,10989.0431185083,2025,26.0138383321058,2025,2022,3,True,0.0,0.0,26.715686274509803,26.715686274509803,34.31372549019608,44.607843137254896,31.43382352941176,Lower,Medium,31.433823529411768,135.0,135.0,0.0,Mixed barriers — investigate,135
POL,Poland,88.58496367,2024,2024,138.016156588197,2025,36435861.0,2025,28419.5777395638,2025,39.9146669690629,2025,2024,1,True,0.0,0.0,26.715686274509803,26.715686274509803,57.35294117647059,26.470588235294116,31.26225490196078,Lower,High,31.262254901960784,136.0,136.0,0.0,Rural / access investigation,136
JOR,Jordan,95.62244985,2024,2024,69.6426153972396,2025,11520684.0,2025,5347.77731384797,2025,6.7914849880449,2025,2024,1,True,0.0,0.0,26.715686274509803,26.715686274509803,9.313725490196079,62.254901960784316,31.21323529411765,Lower,High,31.213235294117652,137.0,137.0,0.0,Affordability / economic investigation,137
SVN,Slovenia,90.76355487,2024,2024,130.86090177123,2025,2130986.0,2025,37376.2216079138,2025,44.0093002154178,2025,2024,1,True,0.0,0.0,26.715686274509803,26.715686274509803,63.725490196078425,19.607843137254903,30.845588235294116,Lower,High,30.845588235294116,138.0,138.0,0.0,Rural / access investigation,138
PRT,Portugal,88.48704454,2024,2024,124.129981203404,2025,10804871.0,2025,32081.8106150292,2025,38.5046800681015,2025,2024,1,True,0.0,0.0,26.715686274509803,26.715686274509803,55.88235294117647,24.509803921568633,30.649509803921568,Lower,High,30.64950980392157,139.0,139.0,0.0,Rural / access investigation,139
FRO,Faroe Islands,97.5819589384468,2017,2022,105.80437318324,2025,54900.0,2024,74175.2776311377,2025,60.356678214554,2025,2017,8,True,0.0,0.0,26.715686274509803,26.715686274509803,79.90196078431373,6.372549019607845,30.625,Lower,Low,30.625,140.0,140.0,0.0,Rural / access investigation,140
BLR,Belarus,94.26182128,2024,2024,131.123016605614,2025,9085991.0,2025,10279.2547190723,2025,20.5054179619873,2025,2024,1,True,0.0,0.0,26.715686274509803,26.715686274509803,25.98039215686275,46.568627450980394,30.575980392156865,Lower,High,30.575980392156865,141.0,141.0,0.0,Usage / adoption investigation,141
MYS,Malaysia,98.0206059,2024,2024,139.664651283564,2025,35977838.0,2025,13124.5554178269,2025,22.6051187703771,2025,2024,1,True,0.0,0.0,26.715686274509803,26.715686274509803,29.901960784313726,41.666666666666664,30.18382352941176,Lower,High,30.183823529411768,142.0,142.0,0.0,Usage / adoption investigation,142
PER,Peru,81.95705992,2024,2024,124.623544414599,2025,34576665.0,2025,9684.41170314988,2025,14.4036515154537,2025,2024,1,True,0.0,0.0,26.715686274509803,26.715686274509803,19.607843137254903,47.549019607843135,29.816176470588232,Lower,High,29.81617647058824,143.0,143.0,0.0,Usage / adoption investigation,143
LVA,Latvia,92.70757011,2024,2024,121.262202363304,2025,1847785.0,2025,26311.9730706362,2025,31.3674280246483,2025,2024,1,True,0.0,0.0,26.715686274509803,26.715686274509803,43.627450980392155,28.431372549019613,29.595588235294116,Lower,High,29.59558823529412,144.0,144.0,0.0,Usage / adoption investigation,144
RUS,Russian Federation,94.36495368,2024,2024,186.103787309059,2025,143513328.0,2025,17546.609375,2025,24.7493363391785,2025,2024,1,True,0.0,0.0,26.715686274509803,26.715686274509803,32.35294117647059,36.76470588235294,29.57107843137255,Lower,High,29.57107843137255,145.0,145.0,0.0,Usage / adoption investigation,145
ABW,Aruba,97.17,2017,2022,130.647974615427,2025,108785.0,2024,38590.5650288641,2025,38.2514750770412,2025,2017,8,True,0.0,0.0,26.715686274509803,26.715686274509803,55.392156862745104,19.117647058823522,29.49754901960784,Lower,Low,29.497549019607845,146.0,146.0,0.0,Rural / access investigation,146
MEX,Mexico,83.12233799,2024,2024,116.486713265167,2025,131946900.0,2025,13889.2339628708,2025,19.9591069370277,2025,2024,1,True,0.0,0.0,26.715686274509803,26.715686274509803,25.0,40.68627450980392,29.252450980392155,Lower,High,29.25245098039216,147.0,147.0,0.0,Usage / adoption investigation,147
HUN,Hungary,93.77898628,2024,2024,104.58063059269,2025,9514251.0,2025,25907.4743259406,2025,29.3063168213722,2025,2024,1,True,0.0,0.0,26.715686274509803,26.715686274509803,39.705882352941174,28.92156862745098,29.105392156862745,Lower,High,29.105392156862745,148.0,148.0,0.0,Mixed barriers — investigate,148
NCL,New Caledonia,82.0058408035186,2017,2022,91.6763895612682,2025,295333.0,2024,29213.1923192946,2025,31.8282111664423,2025,2017,8,True,0.0,0.0,26.715686274509803,26.715686274509803,44.11764705882353,25.490196078431367,29.080882352941174,Lower,Low,29.080882352941178,149.0,149.0,0.0,Mixed barriers — investigate,149
BGR,Bulgaria,82.438955,2024,2024,118.067152838789,2025,6433302.0,2025,20328.1667065538,2025,25.8272498151525,2025,2024,1,True,0.0,0.0,26.715686274509803,26.715686274509803,33.82352941176471,32.35294117647058,28.909313725490193,Lower,High,28.909313725490197,150.0,150.0,0.0,Usage / adoption investigation,150
BRA,Brazil,84.46347227,2024,2024,101.926846460424,2025,212812405.0,2025,10713.2856869511,2025,11.8227003512102,2025,2024,1,True,0.0,0.0,26.715686274509803,26.715686274509803,16.176470588235293,45.09803921568627,28.81127450980392,Lower,High,28.811274509803923,151.0,151.0,0.0,Mixed barriers — investigate,151
LTU,Lithuania,89.16116293,2024,2024,138.728835196967,2025,2888774.0,2025,32958.6706396386,2025,30.9183618647236,2025,2024,1,True,0.0,0.0,26.715686274509803,26.715686274509803,43.13725490196079,22.549019607843135,28.345588235294116,Lower,High,28.345588235294116,152.0,152.0,0.0,Usage / adoption investigation,152
PLW,Palau,83.92549896,2024,2023,135.386698256896,2025,17663.0,2025,19532.3557719527,2025,20.7164065753444,2025,2023,2,True,0.0,0.0,26.715686274509803,26.715686274509803,26.96078431372549,34.31372549019608,28.27205882352941,Lower,Medium,28.272058823529413,153.0,153.0,0.0,Usage / adoption investigation,153
OMN,Oman,95.25174678,2024,2024,120.61105087402,2025,5494691.0,2025,19947.3966227092,2025,20.5218616692311,2025,2024,1,True,0.0,0.0,26.715686274509803,26.715686274509803,26.47058823529412,33.33333333333334,28.002450980392158,Lower,High,28.002450980392158,154.0,154.0,0.0,Usage / adoption investigation,154
CRI,Costa Rica,87.17019653,2024,2024,136.024511151268,2025,5152950.0,2025,19970.0989059622,2025,20.2731862006996,2025,2024,1,True,0.0,0.0,26.715686274509803,26.715686274509803,25.49019607843137,32.84313725490196,27.75735294117647,Lower,High,27.757352941176475,155.0,155.0,0.0,Usage / adoption investigation,155
CYP,Cyprus,89.60099246,2024,2024,156.218025662252,2025,1370754.0,2025,41783.08984375,2025,33.3049729296225,2025,2024,1,True,0.0,0.0,26.715686274509803,26.715686274509803,45.588235294117645,17.15686274509804,27.634803921568626,Lower,High,27.634803921568626,156.0,156.0,0.0,Usage / adoption investigation,156
EST,Estonia,92.23796204,2024,2024,151.131825017309,2025,1366475.0,2025,34417.6320815138,2025,29.2791473401871,2025,2024,1,True,0.0,0.0,26.715686274509803,26.715686274509803,38.72549019607843,22.058823529411768,27.58578431372549,Lower,High,27.585784313725494,157.0,157.0,0.0,Usage / adoption investigation,157
BRN,Brunei Darussalam,96.29828801,2024,2024,118.130579766209,2025,466330.0,2025,32234.6428368582,2025,24.9890113413181,2025,2024,1,True,0.0,0.0,26.715686274509803,26.715686274509803,32.84313725490196,24.019607843137265,27.095588235294116,Lower,High,27.095588235294123,158.0,158.0,0.0,Usage / adoption investigation,158
GRC,Greece,86.26968886,2024,2024,113.597610306796,2025,10413962.0,2025,26948.0070432791,2025,20.7753917151463,2025,2024,1,True,0.0,0.0,26.715686274509803,26.715686274509803,27.450980392156865,27.941176470588232,27.07107843137255,Lower,High,27.07107843137255,159.0,159.0,0.0,Mixed barriers — investigate,159
ITA,Italy,89.2207202,2024,2024,132.575141676252,2025,58915656.0,2025,43308.6403060733,2025,30.319138198322,2025,2024,1,True,0.0,0.0,26.715686274509803,26.715686274509803,41.66666666666667,16.666666666666657,26.948529411764703,Lower,High,26.948529411764707,160.0,160.0,0.0,Usage / adoption investigation,160
CZE,Czechia,87.68776014,2024,2024,126.600163061009,2025,10886878.0,2025,35917.2724081665,2025,27.1245632883888,2025,2024,1,True,0.0,0.0,26.715686274509803,26.715686274509803,35.294117647058826,21.07843137254902,26.874999999999996,Lower,High,26.875,161.0,161.0,0.0,Usage / adoption investigation,161
CHL,Chile,95.590243,2024,2024,132.660408764665,2025,19859921.0,2025,17994.5911957485,2025,10.8227169980777,2025,2024,1,True,0.0,0.0,26.715686274509803,26.715686274509803,13.725490196078432,36.274509803921575,26.67892156862745,Lower,High,26.678921568627455,162.0,162.0,0.0,Usage / adoption investigation,162
TUR,Turkiye,89.77024003,2025,2024,107.826875714392,2025,85878556.0,2025,18599.4420922378,2025,10.505939997814,2025,2024,1,True,0.0,0.0,26.715686274509803,26.715686274509803,12.745098039215685,35.78431372549019,26.43382352941176,Lower,High,26.433823529411764,163.0,163.0,0.0,Mixed barriers — investigate,163
ARG,Argentina,89.66715228,2024,2024,140.234979049333,2025,45851378.0,2025,14898.0885943842,2025,7.64807783848271,2025,2024,1,True,0.0,0.0,26.715686274509803,26.715686274509803,9.803921568627452,37.745098039215684,26.384803921568626,Lower,High,26.384803921568626,164.0,164.0,0.0,Usage / adoption investigation,164
NRU,Naoero,83.01170349,2024,2022,87.1705787645115,2025,12025.0,2025,14639.5046929186,2025,0.0,2025,2022,3,True,0.0,0.0,26.715686274509803,26.715686274509803,2.450980392156863,39.70588235294118,25.674019607843135,Lower,Medium,25.67401960784314,165.0,165.0,0.0,Mixed barriers — investigate,165
AUT,Austria,91.92573373,2025,2024,124.45929984531,2025,9208163.0,2025,62930.0351324599,2025,30.2847847633647,2025,2024,1,True,0.0,0.0,26.715686274509803,26.715686274509803,41.17647058823529,8.82352941176471,25.306372549019606,Lower,High,25.30637254901961,166.0,166.0,0.0,Usage / adoption investigation,166
IRL,Ireland,97.18769836,2024,2024,112.638817343502,2025,5484367.0,2025,131592.462547877,2025,35.4124206243832,2025,2024,1,True,0.0,0.0,26.715686274509803,26.715686274509803,49.50980392156863,1.9607843137254974,25.183823529411764,Lower,High,25.183823529411768,167.0,167.0,0.0,Mixed barriers — investigate,167
FIN,Finland,93.72405196,2024,2024,125.860954798649,2025,5646436.0,2025,56148.580949046,2025,25.4752155680152,2025,2024,1,True,0.0,0.0,26.715686274509803,26.715686274509803,33.33333333333333,12.74509803921569,24.91421568627451,Lower,High,24.914215686274513,168.0,168.0,0.0,Usage / adoption investigation,168
KOR,"Korea, Rep.",97.89563777,2024,2024,172.520241179065,2025,51684564.0,2025,36226.9663637512,2025,18.8259736693326,2025,2024,1,True,0.0,0.0,26.715686274509803,26.715686274509803,23.52941176470588,20.09803921568627,24.914215686274506,Lower,High,24.91421568627451,169.0,169.0,0.0,Usage / adoption investigation,169
SAU,Saudi Arabia,100.0,2024,2024,159.541370566589,2025,36973555.0,2025,34536.6555456551,2025,15.3876878937815,2025,2024,1,True,0.0,0.0,26.715686274509803,26.715686274509803,20.098039215686274,21.568627450980387,24.69362745098039,Lower,High,24.693627450980394,170.0,170.0,0.0,Usage / adoption investigation,170
ESP,Spain,95.7574516,2024,2024,130.260997343256,2025,49355143.0,2025,38627.2472148623,2025,19.4850748960862,2025,2024,1,True,0.0,0.0,26.715686274509803,26.715686274509803,24.019607843137255,18.627450980392155,24.69362745098039,Lower,High,24.693627450980394,170.0,170.0,0.0,Usage / adoption investigation,171
FRA,France,88.65381638,2024,2023,116.687800394775,2025,68720337.0,2025,48985.7307807924,2025,21.1550349436416,2025,2023,2,True,0.0,0.0,26.715686274509803,26.715686274509803,28.431372549019606,15.196078431372555,24.669117647058826,Lower,Medium,24.669117647058826,172.0,172.0,0.0,Usage / adoption investigation,172
BHS,"Bahamas, The",92.47270203,2024,2024,96.6798992232414,2025,403033.0,2024,39455.4466548546,2025,18.6690827983972,2025,2024,1,True,0.0,0.0,26.715686274509803,26.715686274509803,23.03921568627451,18.137254901960787,24.448529411764707,Lower,High,24.44852941176471,173.0,173.0,0.0,Mixed barriers — investigate,173
URY,Uruguay,91.99109007,2024,2024,145.501755749445,2025,3384688.0,2025,25215.8238152781,2025,4.3462807895915,2025,2024,1,True,0.0,0.0,26.715686274509803,26.715686274509803,6.862745098039216,29.90196078431373,24.375,Lower,High,24.375000000000004,174.0,174.0,0.0,Usage / adoption investigation,174
NZL,New Zealand,93.51930237,2024,2024,130.093457083544,2025,5324700.0,2025,49591.0405731713,2025,16.0021484225269,2025,2024,1,True,0.0,0.0,26.715686274509803,26.715686274509803,20.588235294117645,14.705882352941174,23.394607843137255,Lower,High,23.394607843137255,175.0,175.0,0.0,Usage / adoption investigation,175
CAN,Canada,94.353302,2024,2024,94.1059718794246,2025,41651653.0,2025,55697.6639660837,2025,17.1242979746114,2025,2024,1,True,0.0,0.0,26.715686274509803,26.715686274509803,22.058823529411764,13.235294117647058,23.32107843137255,Lower,High,23.321078431372552,176.0,176.0,0.0,Mixed barriers — investigate,176
JPN,Japan,85.54153081,2024,2023,178.432441299977,2025,123366734.0,2025,35951.0449549304,2025,7.6998550579214,2025,2023,2,True,0.0,0.0,26.715686274509803,26.715686274509803,10.294117647058822,20.588235294117652,23.026960784313722,Lower,Medium,23.02696078431373,177.0,177.0,0.0,Usage / adoption investigation,177
ARE,United Arab Emirates,100.0,2024,2024,203.206410299544,2025,11513149.0,2024,50273.5126243239,2025,14.0382358675983,2025,2024,1,True,0.0,0.0,26.715686274509803,26.715686274509803,18.627450980392158,14.215686274509807,23.002450980392155,Lower,High,23.002450980392158,178.0,178.0,0.0,Usage / adoption investigation,178
GBR,United Kingdom,95.4720993,2024,2024,121.643331373201,2025,69487000.0,2025,57601.9621201954,2025,16.676391921729,2025,2024,1,True,0.0,0.0,26.715686274509803,26.715686274509803,21.568627450980394,11.764705882352942,22.953431372549016,Lower,High,22.95343137254902,179.0,179.0,0.0,Usage / adoption investigation,179
BHR,Bahrain,100.0,2024,2024,159.536143577452,2025,1600366.0,2025,30596.5794898885,2025,0.0,2025,2024,1,True,0.0,0.0,26.715686274509803,26.715686274509803,2.450980392156863,25.0,22.7328431372549,Lower,High,22.732843137254903,180.0,180.0,0.0,Usage / adoption investigation,180
DEU,Germany,93.49999579,2024,2024,129.150921864378,2025,83491249.0,2025,60496.4350820414,2025,17.86177794638,2025,2024,1,True,0.0,0.0,26.715686274509803,26.715686274509803,22.54901960784314,9.803921568627445,22.708333333333332,Lower,High,22.708333333333336,181.0,181.0,0.0,Usage / adoption investigation,181
KWT,Kuwait,100.0,2025,2023,167.68428501222,2025,4865298.0,2025,32312.3119953634,2025,0.0,2025,2023,2,True,0.0,0.0,26.715686274509803,26.715686274509803,2.450980392156863,23.529411764705884,22.438725490196077,Lower,Medium,22.43872549019608,182.0,182.0,0.0,Usage / adoption investigation,182
AND,Andorra,94.39759827,2024,2024,155.692108667529,2025,82904.0,2025,54291.5026031052,2025,11.0507327716871,2025,2024,1,True,0.0,0.0,26.715686274509803,26.715686274509803,14.705882352941178,13.725490196078425,22.316176470588232,Lower,High,22.31617647058824,183.0,183.0,0.0,Usage / adoption investigation,183
PRI,Puerto Rico (US),87.29178106,2022,2024,126.426375391555,2025,3184835.0,2025,40620.1526923687,2025,5.6595163401108,2025,2022,3,True,0.0,0.0,26.715686274509803,26.715686274509803,8.333333333333332,17.64705882352942,22.144607843137255,Lower,Medium,22.14460784313726,184.0,184.0,0.0,Usage / adoption investigation,184
USA,United States,94.69380188,2024,2024,113.190481805755,2025,341784857.0,2025,90026.5163005744,2025,19.8078266972131,2025,2024,1,True,0.0,0.0,26.715686274509803,26.715686274509803,24.509803921568626,4.901960784313729,22.02205882352941,Lower,High,22.022058823529413,185.0,185.0,0.0,Mixed barriers — investigate,185
BEL,Belgium,95.77579144,2024,2024,103.90465332676,2025,11941781.0,2025,60750.2735864647,2025,12.3273916885351,2025,2024,1,True,0.0,0.0,26.715686274509803,26.715686274509803,17.647058823529413,9.313725490196077,21.875,Lower,High,21.875000000000004,186.0,186.0,0.0,Mixed barriers — investigate,186
AUS,Australia,96.13140106,2024,2024,112.581025002429,2025,27614411.0,2025,65129.7227990563,2025,12.2807327333667,2025,2024,1,True,0.0,0.0,26.715686274509803,26.715686274509803,17.15686274509804,7.843137254901961,21.50735294117647,Lower,High,21.507352941176475,187.0,187.0,0.0,Mixed barriers — investigate,187
MLT,Malta,93.86029816,2024,2024,142.070062100751,2025,579704.0,2025,47906.9000057635,2025,4.3194143350407,2025,2024,1,True,0.0,0.0,26.715686274509803,26.715686274509803,6.372549019607843,15.686274509803923,21.458333333333332,Lower,High,21.458333333333336,188.0,188.0,0.0,Usage / adoption investigation,188
NOR,Norway,99.0,2024,2024,109.348606513576,2025,5610870.0,2025,94594.1929573987,2025,16.4294212291674,2025,2024,1,True,0.0,0.0,26.715686274509803,26.715686274509803,21.07843137254902,4.411764705882348,21.409313725490193,Lower,High,21.409313725490197,189.0,189.0,0.0,Mixed barriers — investigate,189
SWE,Sweden,95.76629783,2025,2024,140.686673016562,2025,10596620.0,2025,63133.2126736715,2025,10.9221322210445,2025,2024,1,True,0.0,0.0,26.715686274509803,26.715686274509803,14.215686274509803,8.333333333333343,21.16421568627451,Lower,High,21.164215686274513,190.0,190.0,0.0,Usage / adoption investigation,190
ISR,Israel,88.18242225,2024,2024,177.393104798636,2025,10122800.0,2025,60336.8477964194,2025,8.42169391336721,2025,2024,1,True,0.0,0.0,26.715686274509803,26.715686274509803,11.27450980392157,10.294117647058826,21.11519607843137,Lower,High,21.115196078431374,191.0,191.0,0.0,Usage / adoption investigation,191
CHE,Switzerland,97.32103855,2025,2024,129.471369643132,2025,9092436.0,2025,114769.012314293,2025,14.2727842197244,2025,2024,1,True,0.0,0.0,26.715686274509803,26.715686274509803,19.11764705882353,2.4509803921568647,20.723039215686274,Lower,High,20.723039215686278,192.0,192.0,0.0,Usage / adoption investigation,192
DNK,Denmark,99.76915157,2024,2024,126.686532566268,2025,6009169.0,2025,76970.1535217919,2025,11.1541564107311,2025,2024,1,True,0.0,0.0,26.715686274509803,26.715686274509803,15.196078431372548,5.392156862745097,20.72303921568627,Lower,High,20.723039215686278,193.0,192.0,1.0,Usage / adoption investigation,193
SMR,San Marino,97.35220337,2024,2022,120.269873863303,2025,34109.0,2023,59871.3288101478,2025,2.8129745828427,2025,2022,3,True,0.0,0.0,26.715686274509803,26.715686274509803,5.392156862745098,10.784313725490193,20.330882352941174,Lower,Medium,20.330882352941178,194.0,194.0,0.0,Usage / adoption investigation,194
HKG,"Hong Kong SAR, China",95.75536971,2024,2024,364.848981963231,2025,7498900.0,2025,56983.0663059906,2025,0.0,2025,2024,1,True,0.0,0.0,26.715686274509803,26.715686274509803,2.450980392156863,12.25490196078431,20.18382352941176,Lower,High,20.183823529411764,195.0,195.0,0.0,Usage / adoption investigation,195
NLD,Netherlands,97.00679779,2024,2024,128.538765867661,2025,18087633.0,2025,73683.917132794,2025,4.06140965188089,2025,2024,1,True,0.0,0.0,26.715686274509803,26.715686274509803,5.88235294117647,6.862745098039213,19.620098039215684,Lower,High,19.620098039215687,196.0,196.0,0.0,Usage / adoption investigation,196
QAT,Qatar,98.08540344,2024,2024,153.612474384296,2025,2972215.0,2025,72524.9066385222,2025,0.640657230368802,2025,2024,1,True,0.0,0.0,26.715686274509803,26.715686274509803,4.901960784313726,7.35294117647058,19.571078431372545,Lower,High,19.57107843137255,197.0,197.0,0.0,Usage / adoption investigation,197
ISL,Iceland,98.209198,2024,2024,120.927513243653,2025,392404.0,2025,98323.4849517418,2025,5.7820679808883,2025,2024,1,True,0.0,0.0,26.715686274509803,26.715686274509803,8.823529411764707,3.9215686274509807,19.473039215686274,Lower,High,19.473039215686278,198.0,198.0,0.0,Usage / adoption investigation,198
MAC,"Macao SAR, China",89.82640076,2024,2024,201.136947388589,2025,685900.0,2025,75901.7461294198,2025,0.0,2025,2024,1,True,0.0,0.0,26.715686274509803,26.715686274509803,2.450980392156863,5.882352941176478,18.909313725490197,Lower,High,18.9093137254902,199.0,199.0,0.0,Usage / adoption investigation,199
LUX,Luxembourg,99.12902211,2025,2023,144.474949556306,2025,686970.0,2025,147252.179121515,2025,5.1158270401413,2025,2023,2,True,0.0,0.0,26.715686274509803,26.715686274509803,7.8431372549019605,0.9803921568627345,18.737745098039213,Lower,Medium,18.737745098039216,200.0,200.0,0.0,Usage / adoption investigation,200
SGP,Singapore,94.37757178,2024,2024,170.78256295407,2025,6111175.0,2025,98813.9788172877,2025,0.0,2025,2024,1,True,0.0,0.0,26.715686274509803,26.715686274509803,2.450980392156863,3.4313725490196134,18.419117647058822,Lower,High,18.419117647058826,201.0,201.0,0.0,Usage / adoption investigation,201
CYM,Cayman Islands,81.0676932508161,2017,2022,139.314997695241,2025,75844.0,2024,104292.900672109,2025,0.0,2025,2017,8,True,0.0,0.0,26.715686274509803,26.715686274509803,2.450980392156863,2.941176470588232,18.321078431372545,Lower,Low,18.32107843137255,202.0,202.0,0.0,Usage / adoption investigation,202
BMU,Bermuda,98.37,2017,2024,96.6767745528807,2025,64555.0,2024,142250.433195123,2025,0.0,2025,2017,8,True,0.0,0.0,26.715686274509803,26.715686274509803,2.450980392156863,1.470588235294116,18.026960784313722,Lower,Low,18.026960784313726,203.0,203.0,0.0,Mixed barriers — investigate,203
MCO,Monaco,99.04489899,2024,2024,107.400792109963,2025,38341.0,2024,288001.574856495,2025,0.0,2025,2024,1,True,0.0,0.0,26.715686274509803,26.715686274509803,2.450980392156863,0.0,17.7328431372549,Lower,High,17.732843137254903,204.0,204.0,0.0,Mixed barriers — investigate,204
