countryiso3code,country_name,internet_usage_pct,internet_usage_pct_year,mobile_subscriptions_per_100_year,mobile_subscriptions_per_100,population_year,population,gdp_per_capita_year,gdp_per_capita,rural_population_pct_year,rural_population_pct,latest_year,earliest_year,year_spread,complete_core_data,usage_gap_pp,population_affected_est,gap_score,population_impact_score,rural_score,economic_vulnerability_score,priority_score,priority_band,data_confidence,priority_score_alt,rank_base,rank_alt,rank_change,diagnostic_segment
,"{'id': 'XD', 'value': 'High income'}",94.2,2025,2025,141.6,2025,1423739902.0,2025,53997.2579539931,2025,19.7516029540495,2025,2025,0,True,0.0,0.0,25.847457627118644,25.847457627118644,22.88135593220339,12.711864406779654,22.775423728813557,Lower,High,22.77542372881356,205.0,205.0,0.0,Investigate usage/adoption barriers
,"{'id': 'XM', 'value': 'Low income'}",23.4,2025,2025,69.3,2025,767490169.0,2025,837.360634569252,2025,64.8382721267928,2025,2025,0,True,56.6,434399435.65400004,91.52542372881356,95.76271186440678,86.4406779661017,95.33898305084746,92.79661016949153,Higher,High,93.22033898305085,5.0,2.0,3.0,Investigate rural/access barriers
,"{'id': 'XN', 'value': 'Lower middle income'}",62.9,2025,2025,89.9,2025,2945282634.0,2025,2481.42751777184,2025,57.986215308401,2025,2025,0,True,17.1,503643330.41400003,69.91525423728814,96.1864406779661,77.54237288135593,77.54237288135593,80.46610169491525,Higher,High,83.09322033898304,42.0,37.0,5.0,Investigate rural/access barriers
,"{'id': 'XT', 'value': 'Upper middle income'}",88.8,2025,2025,132.4,2025,3078912188.0,2025,10890.0974812565,2025,31.7693109784115,2025,2025,0,True,0.0,0.0,25.847457627118644,25.847457627118644,41.52542372881356,43.220338983050844,31.673728813559322,Lower,High,31.673728813559325,149.0,149.0,0.0,Investigate usage/adoption barriers
ABW,"{'id': 'AW', 'value': 'Aruba'}",97.17,2017,2022,130.647974615427,2025,108785.0,2024,38590.5650288641,2025,38.2514750770412,2025,2017,8,True,0.0,0.0,25.847457627118644,25.847457627118644,52.96610169491526,17.372881355932208,28.22033898305085,Lower,Low,28.22033898305085,172.0,172.0,0.0,Investigate rural/access barriers
AFE,"{'id': 'ZH', 'value': 'Africa Eastern and Southern'}",30.4,2025,2025,93.1,2025,788844284.0,2025,1722.38561960923,2025,61.2978603441179,2025,2025,0,True,49.6,391266764.864,88.98305084745762,95.33898305084746,81.77966101694916,81.77966101694915,88.36864406779661,Higher,High,89.0042372881356,17.0,19.0,-2.0,Investigate rural/access barriers
AFG,"{'id': 'AF', 'value': 'Afghanistan'}",16.09499931,2024,2024,60.0990815591219,2025,43844111.0,2024,416.871146273728,2025,74.0598355300102,2025,2024,1,True,63.90500069,28018579.437074367,96.61016949152543,88.5593220338983,94.91525423728814,99.15254237288136,94.44915254237289,Higher,High,93.64406779661017,1.0,1.0,0.0,Investigate rural/access barriers
AFW,"{'id': 'ZI', 'value': 'Africa Western and Central'}",42.4,2025,2025,86.5,2025,532809933.0,2025,1600.05837434388,2025,46.5227947704179,2025,2025,0,True,37.6,200336534.808,78.8135593220339,93.64406779661016,65.2542372881356,84.7457627118644,82.41525423728812,Higher,High,83.89830508474576,36.0,33.0,3.0,Investigate rural/access barriers
AGO,"{'id': 'AO', 'value': 'Angola'}",40.70479965,2024,2024,69.7039467163584,2025,39040039.0,2025,3129.47662331063,2025,28.5384084823915,2025,2024,1,True,39.29520035,15340861.541768136,80.50847457627118,84.7457627118644,35.16949152542373,70.76271186440678,73.02966101694915,Higher,High,73.45338983050848,65.0,66.0,-1.0,Investigate affordability/economic barriers
ALB,"{'id': 'AL', 'value': 'Albania'}",85.86389923,2024,2024,89.1328603947682,2025,2349580.0,2025,12998.147869552,2025,41.128525668933,2025,2024,1,True,0.0,0.0,25.847457627118644,25.847457627118644,58.05084745762712,39.40677966101694,33.389830508474574,Medium,High,33.38983050847458,137.0,137.0,0.0,Investigate rural/access barriers
AND,"{'id': 'AD', 'value': 'Andorra'}",94.39759827,2024,2024,155.692108667529,2025,82904.0,2025,54291.5026031052,2025,11.0507327716871,2025,2024,1,True,0.0,0.0,25.847457627118644,25.847457627118644,12.711864406779661,12.288135593220346,21.165254237288135,Lower,High,21.16525423728814,214.0,214.0,0.0,Investigate usage/adoption barriers
ARE,"{'id': 'AE', 'value': 'United Arab Emirates'}",100.0,2024,2024,203.206410299544,2025,11513149.0,2024,50273.5126243239,2025,14.0382358675983,2025,2024,1,True,0.0,0.0,25.847457627118644,25.847457627118644,16.101694915254235,13.135593220338976,21.84322033898305,Lower,High,21.843220338983052,209.0,209.0,0.0,Investigate usage/adoption barriers
ARG,"{'id': 'AR', 'value': 'Argentina'}",89.66715228,2024,2024,140.234979049333,2025,45851378.0,2025,14898.0885943842,2025,7.64807783848271,2025,2024,1,True,0.0,0.0,25.847457627118644,25.847457627118644,8.47457627118644,34.7457627118644,25.021186440677965,Lower,High,25.021186440677965,193.0,193.0,0.0,Investigate usage/adoption barriers
ARM,"{'id': 'AM', 'value': 'Armenia'}",81.33930206,2024,2024,134.88694751567,2025,3086700.0,2025,9474.01849300368,2025,34.0712984410128,2025,2024,1,True,0.0,0.0,25.847457627118644,25.847457627118644,44.49152542372881,47.881355932203384,33.050847457627114,Lower,High,33.05084745762712,143.0,143.0,0.0,Investigate usage/adoption barriers
ATG,"{'id': 'AG', 'value': 'Antigua and Barbuda'}",72.73040009,2024,2022,200.540715208962,2025,94209.0,2025,24819.2454680158,2025,75.6665165299339,2025,2022,3,True,7.269599909999997,6848.617379211896,58.89830508474576,53.813559322033896,95.76271186440678,27.54237288135593,56.63135593220339,Medium,Medium,56.12288135593221,97.0,101.0,-4.0,Investigate rural/access barriers
AUS,"{'id': 'AU', 'value': 'Australia'}",96.13140106,2024,2024,112.581025002429,2025,27614411.0,2025,65129.7227990563,2025,12.2807327333667,2025,2024,1,True,0.0,0.0,25.847457627118644,25.847457627118644,14.83050847457627,7.203389830508485,20.466101694915253,Lower,High,20.466101694915256,220.0,220.0,0.0,Mixed barriers — investigate
AUT,"{'id': 'AT', 'value': 'Austria'}",91.92573373,2025,2024,124.45929984531,2025,9208163.0,2025,62930.0351324599,2025,30.2847847633647,2025,2024,1,True,0.0,0.0,25.847457627118644,25.847457627118644,38.13559322033898,8.050847457627114,24.131355932203387,Lower,High,24.13135593220339,197.0,197.0,0.0,Investigate usage/adoption barriers
AZE,"{'id': 'AZ', 'value': 'Azerbaijan'}",90.80000181,2025,2024,109.543149535867,2025,10246996.0,2025,7410.72281660142,2025,41.3628975718825,2025,2024,1,True,0.0,0.0,25.847457627118644,25.847457627118644,58.89830508474576,52.54237288135593,36.14406779661017,Medium,High,36.14406779661017,124.0,124.0,0.0,Investigate rural/access barriers
BDI,"{'id': 'BI', 'value': 'Burundi'}",8.595999718,2024,2023,63.1631365759764,2025,14390003.0,2025,233.823013385395,2025,74.3129815318337,2025,2023,2,True,71.404000282,10275037.782699808,98.72881355932203,80.9322033898305,95.33898305084746,99.57627118644068,93.05084745762711,Higher,Medium,91.27118644067797,3.0,6.0,-3.0,Investigate rural/access barriers
BEL,"{'id': 'BE', 'value': 'Belgium'}",95.77579144,2024,2024,103.90465332676,2025,11941781.0,2025,60750.2735864647,2025,12.3273916885351,2025,2024,1,True,0.0,0.0,25.847457627118644,25.847457627118644,15.254237288135593,8.474576271186436,20.783898305084744,Lower,High,20.783898305084747,218.0,218.0,0.0,Mixed barriers — investigate
BEN,"{'id': 'BJ', 'value': 'Benin'}",33.98379898,2024,2024,125.940873932186,2025,14814460.0,2025,1658.27312662991,2025,46.6379926031812,2025,2024,1,True,46.01620102,6817051.693627491,85.59322033898306,77.96610169491525,65.67796610169492,83.47457627118644,79.89406779661016,Higher,High,79.13135593220339,45.0,45.0,0.0,Investigate rural/access barriers
BFA,"{'id': 'BF', 'value': 'Burkina Faso'}",28.25270081,2024,2024,116.5895933212,2025,24074580.0,2025,1147.57131635601,2025,71.0773639280915,2025,2024,1,True,51.74729919,12457944.941335902,90.2542372881356,82.20338983050848,92.37288135593221,90.67796610169492,88.24152542372882,Higher,High,87.43644067796612,18.0,24.0,-6.0,Investigate rural/access barriers
BGD,"{'id': 'BD', 'value': 'Bangladesh'}",53.42171316,2024,2024,108.077037369691,2025,175686899.0,2025,2597.34352335275,2025,66.7604152956025,2025,2024,1,True,26.578286839999997,46694567.95652108,74.57627118644068,90.2542372881356,88.13559322033898,76.27118644067797,81.65254237288136,Higher,High,83.22033898305087,38.0,36.0,2.0,Investigate rural/access barriers
BGR,"{'id': 'BG', 'value': 'Bulgaria'}",82.438955,2024,2024,118.067152838789,2025,6433302.0,2025,20328.1667065538,2025,25.8272498151525,2025,2024,1,True,0.0,0.0,25.847457627118644,25.847457627118644,31.35593220338983,29.237288135593218,27.351694915254235,Lower,High,27.35169491525424,180.0,180.0,0.0,Investigate usage/adoption barriers
BHR,"{'id': 'BH', 'value': 'Bahrain'}",100.0,2024,2024,159.536143577452,2025,1600366.0,2025,30596.5794898885,2025,0.0,2025,2024,1,True,0.0,0.0,25.847457627118644,25.847457627118644,2.11864406779661,22.88135593220339,21.694915254237287,Lower,High,21.69491525423729,211.0,211.0,0.0,Investigate usage/adoption barriers
BHS,"{'id': 'BS', 'value': 'Bahamas, The'}",92.47270203,2024,2024,96.6798992232414,2025,403033.0,2024,39455.4466548546,2025,18.6690827983972,2025,2024,1,True,0.0,0.0,25.847457627118644,25.847457627118644,21.1864406779661,16.525423728813564,23.283898305084744,Lower,High,23.283898305084747,203.0,203.0,0.0,Mixed barriers — investigate
BIH,"{'id': 'BA', 'value': 'Bosnia and Herzegovina'}",86.10091103,2024,2024,121.232373011893,2025,3140095.0,2025,10381.8460703874,2025,47.3084559220439,2025,2024,1,True,0.0,0.0,25.847457627118644,25.847457627118644,66.94915254237289,45.76271186440678,35.99576271186441,Medium,High,35.99576271186441,125.0,125.0,0.0,Investigate rural/access barriers
BLR,"{'id': 'BY', 'value': 'Belarus'}",94.26182128,2024,2024,131.123016605614,2025,9085991.0,2025,10279.2547190723,2025,20.5054179619873,2025,2024,1,True,0.0,0.0,25.847457627118644,25.847457627118644,24.576271186440678,46.186440677966104,29.72457627118644,Lower,High,29.724576271186443,164.0,164.0,0.0,Investigate usage/adoption barriers
BLZ,"{'id': 'BZ', 'value': 'Belize'}",80.00582262,2024,2022,67.1750266305468,2025,422924.0,2025,7865.47937690933,2025,58.4378564571728,2025,2022,3,True,0.0,0.0,25.847457627118644,25.847457627118644,77.96610169491525,51.69491525423729,38.83474576271186,Medium,Medium,38.83474576271187,121.0,121.0,0.0,Investigate rural/access barriers
BMU,"{'id': 'BM', 'value': 'Bermuda'}",98.37,2017,2024,96.6767745528807,2025,64555.0,2024,142250.433195123,2025,0.0,2025,2017,8,True,0.0,0.0,25.847457627118644,25.847457627118644,2.11864406779661,1.2711864406779654,17.3728813559322,Lower,Low,17.372881355932204,235.0,235.0,0.0,Mixed barriers — investigate
BOL,"{'id': 'BO', 'value': 'Bolivia'}",79.70469666,2024,2024,98.0287940811943,2025,12581843.0,2025,5147.81081955367,2025,28.4368962734131,2025,2024,1,True,0.2953033400000038,37154.60261255668,51.69491525423729,57.6271186440678,34.74576271186441,61.440677966101696,52.88135593220339,Medium,High,53.47457627118644,106.0,103.0,3.0,Investigate affordability/economic barriers
BRA,"{'id': 'BR', 'value': 'Brazil'}",84.46347227,2024,2024,101.926846460424,2025,212812405.0,2025,10713.2856869511,2025,11.8227003512102,2025,2024,1,True,0.0,0.0,25.847457627118644,25.847457627118644,13.983050847457626,44.49152542372882,27.796610169491522,Lower,High,27.79661016949153,177.0,177.0,0.0,Mixed barriers — investigate
BRB,"{'id': 'BB', 'value': 'Barbados'}",70.36470032,2024,2022,114.580721030894,2025,282623.0,2025,28364.8181499736,2025,40.3003760112993,2025,2022,3,True,9.635299680000003,27231.57301460641,60.59322033898306,56.779661016949156,55.08474576271186,24.576271186440678,51.41949152542374,Medium,Medium,51.038135593220346,110.0,111.0,-1.0,Investigate rural/access barriers
BRN,"{'id': 'BN', 'value': 'Brunei Darussalam'}",96.29828801,2024,2024,118.130579766209,2025,466330.0,2025,32234.6428368582,2025,24.9890113413181,2025,2024,1,True,0.0,0.0,25.847457627118644,25.847457627118644,30.508474576271187,22.033898305084747,25.783898305084747,Lower,High,25.783898305084747,187.0,187.0,0.0,Investigate usage/adoption barriers
BTN,"{'id': 'BT', 'value': 'Bhutan'}",91.27739716,2024,2024,99.7576826476519,2025,796682.0,2025,4492.78400306618,2025,56.5698167526247,2025,2024,1,True,0.0,0.0,25.847457627118644,25.847457627118644,76.27118644067797,64.40677966101694,41.1228813559322,Medium,High,41.12288135593221,118.0,117.0,1.0,Investigate rural/access barriers
BWA,"{'id': 'BW', 'value': 'Botswana'}",57.45950036,2024,2024,163.999922257361,2025,2562122.0,2025,7778.1151090571,2025,32.0440438467898,2025,2024,1,True,22.54049964,577515.1001863608,72.88135593220339,65.2542372881356,42.3728813559322,52.11864406779661,61.86440677966101,Medium,High,61.10169491525424,87.0,85.0,2.0,Investigate affordability/economic barriers
CAF,"{'id': 'CF', 'value': 'Central African Republic'}",13.78250027,2024,2022,38.8217901039988,2025,5513282.0,2025,556.131398031455,2025,55.4467843318184,2025,2022,3,True,66.21749973,3650757.4934641384,97.45762711864407,73.72881355932203,75.0,98.72881355932203,87.22457627118644,Higher,Medium,84.85169491525426,22.0,28.0,-6.0,Investigate rural/access barriers
CAN,"{'id': 'CA', 'value': 'Canada'}",94.353302,2024,2024,94.1059718794246,2025,41651653.0,2025,55697.6639660837,2025,17.1242979746114,2025,2024,1,True,0.0,0.0,25.847457627118644,25.847457627118644,19.06779661016949,11.864406779661024,22.033898305084744,Lower,High,22.033898305084747,207.0,207.0,0.0,Mixed barriers — investigate
CHE,"{'id': 'CH', 'value': 'Switzerland'}",97.32103855,2025,2024,129.471369643132,2025,9092436.0,2025,114769.012314293,2025,14.2727842197244,2025,2024,1,True,0.0,0.0,25.847457627118644,25.847457627118644,16.52542372881356,2.118644067796609,19.703389830508474,Lower,High,19.703389830508478,225.0,225.0,0.0,Investigate usage/adoption barriers
CHL,"{'id': 'CL', 'value': 'Chile'}",95.590243,2024,2024,132.660408764665,2025,19859921.0,2025,17994.5911957485,2025,10.8227169980777,2025,2024,1,True,0.0,0.0,25.847457627118644,25.847457627118644,11.864406779661017,32.62711864406779,25.105932203389827,Lower,High,25.105932203389834,192.0,192.0,0.0,Investigate usage/adoption barriers
CHN,"{'id': 'CN', 'value': 'China'}",91.6,2025,2024,131.753932036803,2025,1406585000.0,2025,13861.970224368,2025,33.6570089651728,2025,2024,1,True,0.0,0.0,25.847457627118644,25.847457627118644,43.64406779661017,38.559322033898304,31.059322033898304,Lower,High,31.059322033898308,155.0,155.0,0.0,Investigate usage/adoption barriers
CIV,"{'id': 'CI', 'value': ""Cote d'Ivoire""}",41.43219902,2024,2024,183.875985110648,2025,32711547.0,2025,3050.10202257321,2025,45.4510498549239,2025,2024,1,True,38.56780098,12616124.34443916,79.66101694915254,82.62711864406779,63.983050847457626,72.03389830508475,76.67372881355932,Higher,High,76.97033898305085,58.0,54.0,4.0,Investigate rural/access barriers
CMR,"{'id': 'CM', 'value': 'Cameroon'}",46.25880051,2024,2024,108.213130152497,2025,29879337.0,2025,1972.3815800786,2025,44.3307958338677,2025,2024,1,True,33.74119949,10081646.70345938,77.11864406779661,80.08474576271186,62.71186440677966,80.08474576271186,76.44067796610169,Higher,High,76.73728813559322,59.0,55.0,4.0,Investigate rural/access barriers
COD,"{'id': 'CD', 'value': 'Congo, Dem. Rep.'}",19.67350006,2024,2024,58.532153345468,2025,112832473.0,2025,806.776000708534,2025,54.8864366957849,2025,2024,1,True,60.326499940000005,68067881.75664552,93.22033898305084,91.10169491525424,72.88135593220339,95.76271186440678,90.04237288135593,Higher,High,89.83050847457626,14.0,14.0,0.0,Investigate rural/access barriers
COG,"{'id': 'CG', 'value': 'Congo, Rep.'}",47.25159836,2024,2024,95.5319320614796,2025,6484437.0,2025,2514.73393584747,2025,35.8763465182588,2025,2024,1,True,32.74840164,2123549.4728527665,76.27118644067797,71.1864406779661,47.45762711864407,77.11864406779661,70.59322033898304,Higher,High,70.08474576271186,73.0,76.0,-3.0,Investigate affordability/economic barriers
COL,"{'id': 'CO', 'value': 'Colombia'}",79.34543299,2024,2024,174.094289675393,2025,53425635.0,2025,8561.62091854449,2025,21.2172085248849,2025,2024,1,True,0.6545670099999938,349706.5815930102,52.118644067796616,62.71186440677966,27.11864406779661,49.152542372881356,50.95338983050848,Medium,High,52.012711864406775,112.0,108.0,4.0,Investigate usage/adoption barriers
COM,"{'id': 'KM', 'value': 'Comoros'}",32.51750183,2024,2023,109.855630436495,2025,882847.0,2025,2055.75921566281,2025,66.058452518639,2025,2023,2,True,47.48249817,419197.81061889994,87.28813559322035,63.13559322033898,87.71186440677965,79.66101694915254,78.58050847457628,Higher,Medium,76.16525423728814,49.0,57.0,-8.0,Investigate rural/access barriers
CPV,"{'id': 'CV', 'value': 'Cabo Verde'}",74.73519897,2024,2024,111.84067886381,2025,527326.0,2025,5796.47207860911,2025,22.3699331989932,2025,2024,1,True,5.264801030000001,27762.664679457805,55.932203389830505,57.20338983050848,27.54237288135593,59.74576271186441,52.817796610169495,Medium,High,52.94491525423729,107.0,106.0,1.0,Investigate affordability/economic barriers
CRI,"{'id': 'CR', 'value': 'Costa Rica'}",87.17019653,2024,2024,136.024511151268,2025,5152950.0,2025,19970.0989059622,2025,20.2731862006996,2025,2024,1,True,0.0,0.0,25.847457627118644,25.847457627118644,24.152542372881356,29.66101694915254,26.35593220338983,Lower,High,26.355932203389834,185.0,185.0,0.0,Investigate usage/adoption barriers
CUB,"{'id': 'CU', 'value': 'Cuba'}",70.47699738,2024,2024,72.930002350684,2025,10937203.0,2020,9605.27914559614,2025,22.7729225178848,2025,2020,5,True,9.52300262,1041550.1282447187,60.16949152542372,67.79661016949152,28.8135593220339,47.45762711864406,55.211864406779654,Medium,Low,55.974576271186436,101.0,102.0,-1.0,Mixed barriers — investigate
CUW,"{'id': 'CW', 'value': 'Curacao'}",68.1272162511339,2017,2023,93.7975591472655,2025,156263.0,2024,22832.895498987,2025,8.5272285013875,2025,2017,8,True,11.872783748866098,18552.76806949063,63.983050847457626,55.50847457627118,10.16949152542373,27.966101694915253,46.16525423728813,Medium,Low,45.31779661016949,113.0,113.0,0.0,Mixed barriers — investigate
CYM,"{'id': 'KY', 'value': 'Cayman Islands'}",81.0676932508161,2017,2022,139.314997695241,2025,75844.0,2024,104292.900672109,2025,0.0,2025,2017,8,True,0.0,0.0,25.847457627118644,25.847457627118644,2.11864406779661,2.5423728813559308,17.627118644067796,Lower,Low,17.6271186440678,234.0,234.0,0.0,Investigate usage/adoption barriers
CYP,"{'id': 'CY', 'value': 'Cyprus'}",89.60099246,2024,2024,156.218025662252,2025,1370754.0,2025,41783.08984375,2025,33.3049729296225,2025,2024,1,True,0.0,0.0,25.847457627118644,25.847457627118644,43.22033898305085,15.67796610169492,26.41949152542373,Lower,High,26.41949152542373,184.0,184.0,0.0,Investigate usage/adoption barriers
CZE,"{'id': 'CZ', 'value': 'Czechia'}",87.68776014,2024,2024,126.600163061009,2025,10886878.0,2025,35917.2724081665,2025,27.1245632883888,2025,2024,1,True,0.0,0.0,25.847457627118644,25.847457627118644,33.05084745762712,19.067796610169495,25.572033898305087,Lower,High,25.57203389830509,190.0,190.0,0.0,Investigate usage/adoption barriers
DEU,"{'id': 'DE', 'value': 'Germany'}",93.49999579,2024,2024,129.150921864378,2025,83491249.0,2025,60496.4350820414,2025,17.86177794638,2025,2024,1,True,0.0,0.0,25.847457627118644,25.847457627118644,19.491525423728813,8.898305084745758,21.50423728813559,Lower,High,21.504237288135595,212.0,212.0,0.0,Investigate usage/adoption barriers
DJI,"{'id': 'DJ', 'value': 'Djibouti'}",65.29889679,2024,2023,48.4504884885996,2025,1184076.0,2025,3905.604954681,2025,27.0241339313525,2025,2023,2,True,14.70110321,174072.2348448396,67.37288135593221,60.16949152542372,32.6271186440678,68.22033898305085,60.16949152542374,Medium,Medium,59.449152542372886,88.0,89.0,-1.0,Investigate affordability/economic barriers
DMA,"{'id': 'DM', 'value': 'Dominica'}",82.04689789,2024,2022,85.1898961482058,2025,65871.0,2025,10989.0431185083,2025,26.0138383321058,2025,2022,3,True,0.0,0.0,25.847457627118644,25.847457627118644,32.20338983050847,42.3728813559322,30.105932203389827,Lower,Medium,30.105932203389834,161.0,161.0,0.0,Mixed barriers — investigate
DNK,"{'id': 'DK', 'value': 'Denmark'}",99.76915157,2024,2024,126.686532566268,2025,6009169.0,2025,76970.1535217919,2025,11.1541564107311,2025,2024,1,True,0.0,0.0,25.847457627118644,25.847457627118644,13.135593220338984,5.0847457627118615,19.78813559322034,Lower,High,19.788135593220343,224.0,224.0,0.0,Investigate usage/adoption barriers
DOM,"{'id': 'DO', 'value': 'Dominican Republic'}",91.0022446,2024,2024,93.7095828968519,2025,11520487.0,2025,11059.2081531834,2025,27.482305937409,2025,2024,1,True,0.0,0.0,25.847457627118644,25.847457627118644,33.47457627118644,41.94915254237288,30.21186440677966,Lower,High,30.21186440677966,159.0,160.0,-1.0,Mixed barriers — investigate
DZA,"{'id': 'DZ', 'value': 'Algeria'}",77.4178009,2024,2024,115.457278573892,2025,47435312.0,2025,6051.00322704182,2025,24.1812641930123,2025,2024,1,True,2.582199099999997,1224874.1995461904,52.96610169491526,69.49152542372882,29.23728813559322,58.47457627118644,55.46610169491525,Medium,High,57.118644067796616,100.0,98.0,2.0,Investigate affordability/economic barriers
EAP,"{'id': '4E', 'value': 'East Asia & Pacific (excluding high income)'}",88.1,2025,2025,129.8,2025,2143908411.0,2025,10843.4363994141,2025,37.9467481154047,2025,2025,0,True,0.0,0.0,25.847457627118644,25.847457627118644,51.69491525423729,43.644067796610166,33.28389830508474,Lower,High,33.28389830508475,139.0,138.0,1.0,Investigate rural/access barriers
EAS,"{'id': 'Z4', 'value': 'East Asia & Pacific'}",88.4,2025,2025,135.1,2025,2390873921.0,2025,14077.2712026283,2025,35.2290116785406,2025,2025,0,True,0.0,0.0,25.847457627118644,25.847457627118644,46.61016949152542,37.71186440677966,31.33474576271186,Lower,High,31.33474576271187,152.0,152.0,0.0,Investigate usage/adoption barriers
ECA,"{'id': '7E', 'value': 'Europe & Central Asia (excluding high income)'}",87.5,2025,2025,117.3,2025,253280471.0,2025,11117.61379372,2025,31.6732460300755,2025,2025,0,True,0.0,0.0,25.847457627118644,25.847457627118644,41.10169491525424,41.10169491525424,31.186440677966104,Lower,High,31.186440677966104,154.0,154.0,0.0,Investigate usage/adoption barriers
ECS,"{'id': 'Z7', 'value': 'Europe & Central Asia'}",92.4,2025,2025,134.6,2025,932525035.0,2025,34603.480892464,2025,25.9276599681281,2025,2025,0,True,0.0,0.0,25.847457627118644,25.847457627118644,31.779661016949152,19.491525423728817,25.466101694915256,Lower,High,25.46610169491526,191.0,191.0,0.0,Investigate usage/adoption barriers
ECU,"{'id': 'EC', 'value': 'Ecuador'}",77.17273115,2024,2024,101.598265014024,2025,18289896.0,2025,7125.27618527738,2025,36.6081810941738,2025,2024,1,True,2.827268849999996,517104.53230539523,53.813559322033896,64.83050847457628,48.728813559322035,52.96610169491525,56.186440677966104,Medium,High,57.288135593220346,99.0,97.0,2.0,Investigate affordability/economic barriers
EGY,"{'id': 'EG', 'value': 'Egypt, Arab Rep.'}",74.64839935,2024,2024,97.1295066037455,2025,118365995.0,2025,3085.80712036204,2025,57.0956795074752,2025,2024,1,True,5.351600649999995,6334475.357798961,56.779661016949156,76.69491525423729,76.69491525423729,71.1864406779661,68.62288135593221,Higher,High,70.61440677966102,77.0,73.0,4.0,Investigate rural/access barriers
ESP,"{'id': 'ES', 'value': 'Spain'}",95.7574516,2024,2024,130.260997343256,2025,49355143.0,2025,38627.2472148623,2025,19.4850748960862,2025,2024,1,True,0.0,0.0,25.847457627118644,25.847457627118644,22.033898305084744,16.949152542372886,23.49576271186441,Lower,High,23.495762711864412,201.0,201.0,0.0,Investigate usage/adoption barriers
EST,"{'id': 'EE', 'value': 'Estonia'}",92.23796204,2024,2024,151.131825017309,2025,1366475.0,2025,34417.6320815138,2025,29.2791473401871,2025,2024,1,True,0.0,0.0,25.847457627118644,25.847457627118644,36.016949152542374,20.33898305084746,26.271186440677965,Lower,High,26.27118644067797,186.0,186.0,0.0,Investigate usage/adoption barriers
ETH,"{'id': 'ET', 'value': 'Ethiopia'}",21.94129944,2024,2024,65.0825091944922,2025,135472051.0,2025,932.729352775179,2025,75.8903047911054,2025,2024,1,True,58.05870056,78653312.43258049,92.37288135593221,91.52542372881356,96.1864406779661,93.64406779661017,92.94491525423729,Higher,High,92.86016949152543,4.0,3.0,1.0,Investigate rural/access barriers
FIN,"{'id': 'FI', 'value': 'Finland'}",93.72405196,2024,2024,125.860954798649,2025,5646436.0,2025,56148.580949046,2025,25.4752155680152,2025,2024,1,True,0.0,0.0,25.847457627118644,25.847457627118644,30.93220338983051,11.440677966101703,23.728813559322035,Lower,High,23.728813559322035,198.0,198.0,0.0,Investigate usage/adoption barriers
FJI,"{'id': 'FJ', 'value': 'Fiji'}",74.7052002,2024,2024,574.152332512188,2025,933154.0,2025,6642.00449450523,2025,40.4555448163631,2025,2024,1,True,5.294799800000007,49408.636125692065,56.355932203389834,58.47457627118644,55.50847457627118,54.66101694915254,56.52542372881355,Medium,High,56.73728813559322,98.0,99.0,-1.0,Investigate rural/access barriers
FRA,"{'id': 'FR', 'value': 'France'}",88.65381638,2024,2023,116.687800394775,2025,68720337.0,2025,48985.7307807924,2025,21.1550349436416,2025,2023,2,True,0.0,0.0,25.847457627118644,25.847457627118644,26.69491525423729,13.98305084745762,23.601694915254235,Lower,Medium,23.601694915254235,200.0,200.0,0.0,Investigate usage/adoption barriers
FRO,"{'id': 'FO', 'value': 'Faroe Islands'}",97.5819589384468,2017,2022,105.80437318324,2025,54900.0,2024,74175.2776311377,2025,60.356678214554,2025,2017,8,True,0.0,0.0,25.847457627118644,25.847457627118644,80.08474576271186,5.932203389830505,29.999999999999996,Lower,Low,30.0,162.0,162.0,0.0,Investigate rural/access barriers
FSM,"{'id': 'FM', 'value': 'Micronesia, Fed. Sts.'}",39.52360153,2024,2022,19.9885830493962,2025,113683.0,2025,4414.00737137479,2025,77.5190709377297,2025,2022,3,True,40.47639847,46014.7840726501,80.9322033898305,58.05084745762712,96.61016949152543,65.25423728813558,73.28389830508473,Higher,Medium,70.9957627118644,64.0,72.0,-8.0,Investigate rural/access barriers
GAB,"{'id': 'GA', 'value': 'Gabon'}",68.72090149,2024,2024,125.337107593999,2025,2593130.0,2025,8263.03321595,2025,7.91233333179321,2025,2024,1,True,11.279098509999997,292481.6871923629,62.71186440677966,61.440677966101696,9.322033898305085,50.0,51.779661016949156,Medium,High,51.652542372881356,109.0,110.0,-1.0,Investigate affordability/economic barriers
GBR,"{'id': 'GB', 'value': 'United Kingdom'}",95.4720993,2024,2024,121.643331373201,2025,69487000.0,2025,57601.9621201954,2025,16.676391921729,2025,2024,1,True,0.0,0.0,25.847457627118644,25.847457627118644,18.64406779661017,10.593220338983059,21.716101694915256,Lower,High,21.71610169491526,210.0,210.0,0.0,Investigate usage/adoption barriers
GEO,"{'id': 'GE', 'value': 'Georgia'}",83.79855689,2024,2024,161.201784818537,2025,3935766.0,2025,9691.53472415196,2025,38.8218635909594,2025,2024,1,True,0.0,0.0,25.847457627118644,25.847457627118644,54.23728813559322,46.61016949152542,34.25847457627118,Medium,High,34.25847457627119,135.0,135.0,0.0,Investigate rural/access barriers
GHA,"{'id': 'GH', 'value': 'Ghana'}",72.17569733,2024,2024,113.647966704673,2025,35064272.0,2025,3257.1588903576,2025,41.0753138526875,2025,2024,1,True,7.8243026699999945,2743534.7703120606,59.7457627118644,72.88135593220339,57.6271186440678,69.49152542372882,65.3177966101695,Medium,High,66.6313559322034,83.0,82.0,1.0,Investigate rural/access barriers
GIN,"{'id': 'GN', 'value': 'Guinea'}",33.30469894,2024,2023,97.8794996455513,2025,15099727.0,2025,1877.2541220972,2025,61.4834665533438,2025,2023,2,True,46.69530106,7050862.981888106,86.86440677966102,78.8135593220339,82.20338983050848,80.9322033898305,82.56355932203391,Higher,Medium,81.7584745762712,35.0,40.0,-5.0,Investigate rural/access barriers
GMB,"{'id': 'GM', 'value': 'Gambia, The'}",49.49430084,2024,2024,126.243773523653,2025,2822093.0,2025,919.060423427951,2025,35.0115138674419,2025,2024,1,True,30.50569916,860899.2005954188,75.42372881355932,66.94915254237289,46.186440677966104,94.0677966101695,72.22457627118644,Higher,High,71.3771186440678,68.0,70.0,-2.0,Investigate affordability/economic barriers
GNB,"{'id': 'GW', 'value': 'Guinea-Bissau'}",29.77739906,2024,2024,147.197631273872,2025,2249515.0,2025,1123.76679992349,2025,53.3489684718708,2025,2024,1,True,50.22260094,1129764.941535441,89.40677966101694,68.64406779661016,71.1864406779661,91.10169491525424,80.78389830508473,Higher,High,78.70762711864406,40.0,48.0,-8.0,Investigate rural/access barriers
GNQ,"{'id': 'GQ', 'value': 'Equatorial Guinea'}",63.29930115,2024,2022,49.5380486763568,2025,1938431.0,2025,6615.25245207167,2025,28.4238971541303,2025,2022,3,True,16.700698850000002,323731.5237250435,69.49152542372882,61.86440677966102,34.32203389830508,55.08474576271186,59.04661016949153,Medium,Medium,58.28389830508475,91.0,93.0,-2.0,Investigate affordability/economic barriers
GRC,"{'id': 'GR', 'value': 'Greece'}",86.26968886,2024,2024,113.597610306796,2025,10413962.0,2025,26948.0070432791,2025,20.7753917151463,2025,2024,1,True,0.0,0.0,25.847457627118644,25.847457627118644,25.847457627118644,25.423728813559322,25.76271186440678,Lower,High,25.762711864406782,188.0,188.0,0.0,Mixed barriers — investigate
GRD,"{'id': 'GD', 'value': 'Grenada'}",70.16159821,2024,2022,95.759239776586,2025,117303.0,2025,12106.8790105068,2025,63.3291935663173,2025,2022,3,True,9.838401790000006,11540.740451723708,61.440677966101696,54.23728813559322,84.32203389830508,40.67796610169492,58.559322033898304,Medium,Medium,57.83898305084745,92.0,95.0,-3.0,Investigate rural/access barriers
GRL,"{'id': 'GL', 'value': 'Greenland'}",69.4824617821988,2017,2022,118.637256652974,2025,56831.0,2023,58498.9707973609,2025,11.4259891344848,2025,2017,8,True,10.517538217801203,5977.222144558602,62.28813559322034,53.38983050847458,13.559322033898304,10.169491525423723,41.88559322033899,Medium,Low,40.995762711864415,116.0,118.0,-2.0,Investigate usage/adoption barriers
GTM,"{'id': 'GT', 'value': 'Guatemala'}",60.22140121,2024,2024,112.520863034346,2025,18687881.0,2025,6598.18032988711,2025,43.7027966986001,2025,2024,1,True,19.778598789999997,3696201.005342639,70.76271186440678,74.15254237288136,60.16949152542372,55.93220338983051,67.22457627118644,Higher,High,67.56355932203391,80.0,81.0,-1.0,Investigate rural/access barriers
GUY,"{'id': 'GY', 'value': 'Guyana'}",83.00080109,2024,2022,112.56503784518,2025,835986.0,2025,32413.7930757518,2025,73.5086123451019,2025,2022,3,True,0.0,0.0,25.847457627118644,25.847457627118644,94.0677966101695,21.186440677966104,35.14830508474576,Medium,Medium,35.148305084745765,129.0,129.0,0.0,Investigate rural/access barriers
HKG,"{'id': 'HK', 'value': 'Hong Kong SAR, China'}",95.75536971,2024,2024,364.848981963231,2025,7498900.0,2025,56983.0663059906,2025,0.0,2025,2024,1,True,0.0,0.0,25.847457627118644,25.847457627118644,2.11864406779661,11.01694915254238,19.322033898305087,Lower,High,19.32203389830509,227.0,227.0,0.0,Investigate usage/adoption barriers
HND,"{'id': 'HN', 'value': 'Honduras'}",58.62269974,2024,2024,70.9397440517258,2025,11005850.0,2025,3598.21450440452,2025,40.7482924099341,2025,2024,1,True,21.37730026,2352753.60066521,72.45762711864407,71.61016949152543,57.20338983050848,68.64406779661017,69.15254237288136,Higher,High,69.0677966101695,76.0,78.0,-2.0,Investigate rural/access barriers
HRV,"{'id': 'HR', 'value': 'Croatia'}",83.63240029,2024,2024,121.732525659138,2025,3876200.0,2025,27103.9116109268,2025,42.1855456395857,2025,2024,1,True,0.0,0.0,25.847457627118644,25.847457627118644,59.7457627118644,25.0,30.762711864406775,Lower,High,30.762711864406782,156.0,156.0,0.0,Investigate rural/access barriers
HTI,"{'id': 'HT', 'value': 'Haiti'}",47.8614006,2024,2022,65.1889329311174,2025,11906095.0,2025,2694.18969101404,2025,44.3851144140058,2025,2022,3,True,32.1385994,3826452.17623343,75.84745762711864,75.0,63.13559322033898,75.84745762711864,73.68644067796609,Higher,Medium,73.60169491525423,63.0,65.0,-2.0,Investigate rural/access barriers
HUN,"{'id': 'HU', 'value': 'Hungary'}",93.77898628,2024,2024,104.58063059269,2025,9514251.0,2025,25907.4743259406,2025,29.3063168213722,2025,2024,1,True,0.0,0.0,25.847457627118644,25.847457627118644,36.86440677966102,26.271186440677965,27.58474576271186,Lower,High,27.58474576271187,179.0,179.0,0.0,Mixed barriers — investigate
IBD,"{'id': 'XF', 'value': 'IBRD only'}",82.7,2025,2025,115.9,2025,5006926951.0,2025,8599.35834895508,2025,41.3536490885404,2025,2025,0,True,0.0,0.0,25.847457627118644,25.847457627118644,58.47457627118644,48.728813559322035,35.317796610169495,Medium,High,35.317796610169495,128.0,128.0,0.0,Investigate rural/access barriers
IBT,"{'id': 'ZT', 'value': 'IDA & IBRD total'}",70.3,2025,2025,107.8,2025,6993790788.0,2025,6613.2094697403,2025,46.3242520755141,2025,2025,0,True,9.700000000000003,678397706.4360002,61.016949152542374,99.57627118644068,64.83050847457628,55.50847457627119,72.05508474576271,Higher,High,75.91101694915255,70.0,60.0,10.0,Investigate rural/access barriers
IDA,"{'id': 'XG', 'value': 'IDA total'}",38.9,2025,2025,87.1,2025,1986863837.0,2025,1608.08422318374,2025,58.8502468592221,2025,2025,0,True,41.1,816601037.007,81.77966101694916,100.0,78.38983050847457,84.32203389830508,87.24576271186442,Higher,High,89.0677966101695,21.0,18.0,3.0,Investigate rural/access barriers
IDB,"{'id': 'XH', 'value': 'IDA blend'}",44.2,2025,2025,84.2,2025,689783382.0,2025,1841.20446420685,2025,50.7826059229302,2025,2025,0,True,35.8,246942450.75599998,78.38983050847457,94.91525423728814,69.91525423728814,81.35593220338983,82.66949152542372,Higher,High,84.3220338983051,34.0,31.0,3.0,Investigate rural/access barriers
IDN,"{'id': 'ID', 'value': 'Indonesia'}",72.78075544,2024,2024,122.514946500491,2025,285721236.0,2025,5059.62596411213,2025,40.6070936030016,2025,2024,1,True,7.219244560000007,20626914.78669478,58.05084745762712,86.86440677966102,56.779661016949156,62.28813559322034,67.35169491525424,Higher,High,70.23305084745763,79.0,75.0,4.0,Investigate rural/access barriers
IDX,"{'id': 'XI', 'value': 'IDA only'}",36.1,2025,2025,88.6,2025,1297080455.0,2025,1484.11159862857,2025,63.1405934050707,2025,2025,0,True,43.9,569418319.745,83.05084745762711,97.45762711864407,83.89830508474576,86.4406779661017,88.17796610169492,Higher,High,89.61864406779662,19.0,15.0,4.0,Investigate rural/access barriers
IND,"{'id': 'IN', 'value': 'India'}",70.0,2025,2024,79.3526921826412,2025,1463865525.0,2025,2702.47987141553,2025,64.310844227604,2025,2024,1,True,10.0,146386552.5,61.86440677966102,92.79661016949152,86.01694915254238,75.42372881355932,77.47881355932203,Higher,High,80.57203389830508,55.0,43.0,12.0,Investigate rural/access barriers
IRL,"{'id': 'IE', 'value': 'Ireland'}",97.18769836,2024,2024,112.638817343502,2025,5484367.0,2025,131592.462547877,2025,35.4124206243832,2025,2024,1,True,0.0,0.0,25.847457627118644,25.847457627118644,47.03389830508475,1.6949152542372872,24.194915254237287,Lower,High,24.19491525423729,196.0,196.0,0.0,Mixed barriers — investigate
IRN,"{'id': 'IR', 'value': 'Iran, Islamic Rep.'}",85.3404007,2024,2024,174.066388972063,2025,92417681.0,2025,3924.38017821898,2025,22.6238469058249,2025,2024,1,True,0.0,0.0,25.847457627118644,25.847457627118644,28.389830508474578,67.79661016949153,34.61864406779661,Medium,High,34.618644067796616,130.0,130.0,0.0,Investigate affordability/economic barriers
IRQ,"{'id': 'IQ', 'value': 'Iraq'}",81.47450256,2024,2024,100.080276677726,2025,47020774.0,2025,5409.67899716967,2025,30.0603260531895,2025,2024,1,True,0.0,0.0,25.847457627118644,25.847457627118644,37.71186440677966,60.59322033898305,34.57627118644068,Medium,High,34.57627118644068,131.0,131.0,0.0,Investigate affordability/economic barriers
ISL,"{'id': 'IS', 'value': 'Iceland'}",98.209198,2024,2024,120.927513243653,2025,392404.0,2025,98323.4849517418,2025,5.7820679808883,2025,2024,1,True,0.0,0.0,25.847457627118644,25.847457627118644,7.627118644067797,3.3898305084745743,18.6228813559322,Lower,High,18.622881355932204,230.0,230.0,0.0,Investigate usage/adoption barriers
ISR,"{'id': 'IL', 'value': 'Israel'}",88.18242225,2024,2024,177.393104798636,2025,10122800.0,2025,60336.8477964194,2025,8.42169391336721,2025,2024,1,True,0.0,0.0,25.847457627118644,25.847457627118644,9.745762711864407,9.32203389830508,20.127118644067796,Lower,High,20.1271186440678,223.0,223.0,0.0,Investigate usage/adoption barriers
ITA,"{'id': 'IT', 'value': 'Italy'}",89.2207202,2024,2024,132.575141676252,2025,58915656.0,2025,43308.6403060733,2025,30.319138198322,2025,2024,1,True,0.0,0.0,25.847457627118644,25.847457627118644,38.559322033898304,15.254237288135599,25.635593220338983,Lower,High,25.63559322033899,189.0,189.0,0.0,Investigate usage/adoption barriers
JAM,"{'id': 'JM', 'value': 'Jamaica'}",90.10870361,2024,2024,117.693907561175,2025,2837077.0,2025,8002.92104076242,2025,40.5745948248372,2025,2024,1,True,0.0,0.0,25.847457627118644,25.847457627118644,56.355932203389834,50.847457627118644,35.42372881355932,Medium,High,35.42372881355932,127.0,127.0,0.0,Investigate rural/access barriers
JOR,"{'id': 'JO', 'value': 'Jordan'}",95.62244985,2024,2024,69.6426153972396,2025,11520684.0,2025,5347.77731384797,2025,6.7914849880449,2025,2024,1,True,0.0,0.0,25.847457627118644,25.847457627118644,8.050847457627118,61.016949152542374,30.21186440677966,Lower,High,30.211864406779668,159.0,159.0,0.0,Investigate affordability/economic barriers
JPN,"{'id': 'JP', 'value': 'Japan'}",85.54153081,2024,2023,178.432441299977,2025,123366734.0,2025,35951.0449549304,2025,7.6998550579214,2025,2023,2,True,0.0,0.0,25.847457627118644,25.847457627118644,8.898305084745763,18.64406779661016,21.864406779661014,Lower,Medium,21.864406779661017,208.0,208.0,0.0,Investigate usage/adoption barriers
KAZ,"{'id': 'KZ', 'value': 'Kazakhstan'}",93.39167254,2024,2024,127.085151242164,2025,20843754.0,2025,14692.1331757237,2025,37.6144430492013,2025,2024,1,True,0.0,0.0,25.847457627118644,25.847457627118644,51.271186440677965,36.016949152542374,31.694915254237287,Lower,High,31.69491525423729,148.0,148.0,0.0,Investigate rural/access barriers
KEN,"{'id': 'KE', 'value': 'Kenya'}",34.97622513,2024,2024,126.477706000949,2025,57532493.0,2025,2362.86091198611,2025,67.7878807128255,2025,2024,1,True,45.02377487,25903300.125418507,85.16949152542372,87.71186440677965,89.40677966101694,77.96610169491525,85.12711864406779,Higher,High,85.38135593220338,29.0,26.0,3.0,Investigate rural/access barriers
KGZ,"{'id': 'KG', 'value': 'Kyrgyz Republic'}",92.0286026,2024,2024,107.49229509732,2025,7343064.0,2025,3080.96893823359,2025,65.2536462738943,2025,2024,1,True,0.0,0.0,25.847457627118644,25.847457627118644,87.28813559322035,71.61016949152543,44.21610169491525,Medium,High,44.21610169491526,115.0,114.0,1.0,Investigate rural/access barriers
KHM,"{'id': 'KH', 'value': 'Cambodia'}",68.47530365,2024,2024,116.091961125929,2025,17847982.0,2025,2872.42926639909,2025,58.89438060599,2025,2024,1,True,11.52469635,2056925.7301026569,63.13559322033898,70.76271186440678,78.8135593220339,73.30508474576271,69.80932203389831,Higher,High,70.5720338983051,74.0,74.0,0.0,Investigate rural/access barriers
KIR,"{'id': 'KI', 'value': 'Kiribati'}",89.44029999,2024,2024,53.5244353915461,2025,136488.0,2025,2558.66636011102,2025,36.6149142217129,2025,2024,1,True,0.0,0.0,25.847457627118644,25.847457627118644,49.152542372881356,76.69491525423729,39.51271186440678,Medium,High,39.51271186440678,120.0,120.0,0.0,Investigate affordability/economic barriers
KNA,"{'id': 'KN', 'value': 'St. Kitts and Nevis'}",76.88400269,2024,2023,118.893023653706,2025,46922.0,2025,25223.0257622185,2025,68.1012286861717,2025,2023,2,True,3.1159973099999974,1462.0882577981988,54.23728813559322,51.69491525423729,90.2542372881356,26.694915254237287,53.36864406779661,Medium,Medium,53.11440677966102,104.0,105.0,-1.0,Investigate rural/access barriers
KOR,"{'id': 'KR', 'value': 'Korea, Rep.'}",97.89563777,2024,2024,172.520241179065,2025,51684564.0,2025,36226.9663637512,2025,18.8259736693326,2025,2024,1,True,0.0,0.0,25.847457627118644,25.847457627118644,21.610169491525426,18.220338983050837,23.686440677966097,Lower,High,23.686440677966104,199.0,199.0,0.0,Investigate usage/adoption barriers
KWT,"{'id': 'KW', 'value': 'Kuwait'}",100.0,2025,2023,167.68428501222,2025,4865298.0,2025,32312.3119953634,2025,0.0,2025,2023,2,True,0.0,0.0,25.847457627118644,25.847457627118644,2.11864406779661,21.610169491525426,21.440677966101696,Lower,Medium,21.4406779661017,213.0,213.0,0.0,Investigate usage/adoption barriers
LAC,"{'id': 'XJ', 'value': 'Latin America & Caribbean (excluding high income)'}",83.6,2025,2025,117.7,2025,626808315.0,2025,10407.4817975955,2025,18.6013368288445,2025,2025,0,True,0.0,0.0,25.847457627118644,25.847457627118644,20.76271186440678,45.33898305084746,28.983050847457626,Lower,High,28.983050847457633,168.0,168.0,0.0,Investigate usage/adoption barriers
LAO,"{'id': 'LA', 'value': 'Lao PDR'}",65.59269714,2024,2023,64.7588066942788,2025,7873046.0,2025,2324.76353098791,2025,59.6870164959299,2025,2023,2,True,14.407302860000001,1134293.5815271158,66.94915254237289,69.0677966101695,79.66101694915254,78.38983050847457,71.77966101694915,Higher,Medium,71.99152542372882,71.0,69.0,2.0,Investigate rural/access barriers
LBN,"{'id': 'LB', 'value': 'Lebanon'}",80.63400269,2024,2022,74.0148340435503,2025,5849421.0,2024,4473.27134441128,2025,9.0397685736956,2025,2022,3,True,0.0,0.0,25.847457627118644,25.847457627118644,10.59322033898305,64.83050847457628,31.35593220338983,Lower,Medium,31.355932203389834,151.0,151.0,0.0,Investigate affordability/economic barriers
LBR,"{'id': 'LR', 'value': 'Liberia'}",32.23360062,2024,2022,32.0638885570006,2025,5731206.0,2025,915.328972645548,2025,43.9180252840662,2025,2022,3,True,47.76639938,2737590.747250523,87.71186440677965,72.45762711864407,60.59322033898306,94.49152542372882,80.42372881355932,Higher,Medium,78.89830508474577,43.0,47.0,-4.0,Investigate rural/access barriers
LBY,"{'id': 'LY', 'value': 'Libya'}",81.95449829,2024,2022,192.97309381967,2025,7458555.0,2025,6448.82415074121,2025,12.0887586984779,2025,2022,3,True,0.0,0.0,25.847457627118644,25.847457627118644,14.40677966101695,57.6271186440678,30.48728813559322,Lower,Medium,30.487288135593225,158.0,158.0,0.0,Investigate affordability/economic barriers
LCA,"{'id': 'LC', 'value': 'St. Lucia'}",68.20500183,2024,2022,98.6676436534083,2025,180149.0,2025,14745.8184305461,2025,70.903428868893,2025,2022,3,True,11.79499817,21248.5712532733,63.559322033898304,56.355932203389834,91.94915254237289,35.59322033898306,60.063559322033896,Medium,Medium,59.34322033898306,89.0,90.0,-1.0,Investigate rural/access barriers
LCN,"{'id': 'ZJ', 'value': 'Latin America & Caribbean'}",83.7,2025,2025,116.8,2025,666592570.0,2025,11095.2176548294,2025,18.4939412959442,2025,2025,0,True,0.0,0.0,25.847457627118644,25.847457627118644,20.33898305084746,41.52542372881356,28.156779661016948,Lower,High,28.156779661016948,173.0,173.0,0.0,Investigate usage/adoption barriers
LDC,"{'id': 'XL', 'value': 'Least developed countries: UN classification'}",33.7,2025,2025,86.3,2025,1214167506.0,2025,1361.99182021439,2025,63.3648023751122,2025,2025,0,True,46.3,562159555.278,86.4406779661017,97.03389830508475,84.7457627118644,87.28813559322035,89.53389830508475,Higher,High,90.59322033898306,15.0,11.0,4.0,Investigate rural/access barriers
LIE,"{'id': 'LI', 'value': 'Liechtenstein'}",98.2641983,2024,2024,128.901429646351,2025,41024.0,2024,220167.225473557,2025,85.3701001006707,2025,2024,1,True,0.0,0.0,25.847457627118644,25.847457627118644,100.0,0.4237288135593218,31.885593220338983,Lower,High,31.885593220338986,147.0,147.0,0.0,Investigate rural/access barriers
LKA,"{'id': 'LK', 'value': 'Sri Lanka'}",54.59,2024,2024,132.548743018664,2025,21756000.0,2025,5002.07904353724,2025,79.5498644832063,2025,2024,1,True,25.409999999999997,5528199.599999999,74.15254237288136,76.27118644067797,98.30508474576271,62.71186440677966,76.12288135593221,Higher,High,76.33474576271188,60.0,56.0,4.0,Investigate rural/access barriers
LSO,"{'id': 'LS', 'value': 'Lesotho'}",51.79660034,2024,2024,70.328049309004,2025,2363325.0,2025,1088.96276223185,2025,55.3304144182891,2025,2024,1,True,28.203399660000002,666537.9950146951,75.0,66.10169491525424,73.30508474576271,91.94915254237289,75.46610169491527,Higher,High,74.57627118644069,61.0,63.0,-2.0,Investigate rural/access barriers
LTU,"{'id': 'LT', 'value': 'Lithuania'}",89.16116293,2024,2024,138.728835196967,2025,2888774.0,2025,32958.6706396386,2025,30.9183618647236,2025,2024,1,True,0.0,0.0,25.847457627118644,25.847457627118644,40.25423728813559,20.762711864406782,26.991525423728813,Lower,High,26.991525423728817,181.0,181.0,0.0,Investigate usage/adoption barriers
LUX,"{'id': 'LU', 'value': 'Luxembourg'}",99.12902211,2025,2023,144.474949556306,2025,686970.0,2025,147252.179121515,2025,5.1158270401413,2025,2023,2,True,0.0,0.0,25.847457627118644,25.847457627118644,6.779661016949152,0.8474576271186436,17.98728813559322,Lower,Medium,17.987288135593225,232.0,232.0,0.0,Investigate usage/adoption barriers
LVA,"{'id': 'LV', 'value': 'Latvia'}",92.70757011,2024,2024,121.262202363304,2025,1847785.0,2025,26311.9730706362,2025,31.3674280246483,2025,2024,1,True,0.0,0.0,25.847457627118644,25.847457627118644,40.67796610169492,25.847457627118644,28.072033898305087,Lower,High,28.07203389830509,174.0,174.0,0.0,Investigate usage/adoption barriers
MAC,"{'id': 'MO', 'value': 'Macao SAR, China'}",89.82640076,2024,2024,201.136947388589,2025,685900.0,2025,75901.7461294198,2025,0.0,2025,2024,1,True,0.0,0.0,25.847457627118644,25.847457627118644,2.11864406779661,5.508474576271183,18.220338983050844,Lower,High,18.220338983050848,231.0,231.0,0.0,Investigate usage/adoption barriers
MAR,"{'id': 'MA', 'value': 'Morocco'}",91.2,2024,2024,153.057260079672,2025,38430770.0,2025,4672.46826171875,2025,36.8721387739731,2025,2024,1,True,0.0,0.0,25.847457627118644,25.847457627118644,49.57627118644068,63.559322033898304,36.94915254237288,Medium,High,36.949152542372886,123.0,123.0,0.0,Investigate affordability/economic barriers
MCO,"{'id': 'MC', 'value': 'Monaco'}",99.04489899,2024,2024,107.400792109963,2025,38341.0,2024,288001.574856495,2025,0.0,2025,2024,1,True,0.0,0.0,25.847457627118644,25.847457627118644,2.11864406779661,0.0,17.11864406779661,Lower,High,17.118644067796613,236.0,236.0,0.0,Mixed barriers — investigate
MDA,"{'id': 'MD', 'value': 'Moldova'}",77.3687973,2024,2024,120.083487069521,2025,2360527.0,2025,8621.71721623786,2025,56.2663759595455,2025,2024,1,True,2.631202700000003,62110.25015822907,53.38983050847458,59.32203389830508,75.84745762711864,48.30508474576271,57.521186440677965,Medium,High,58.11440677966101,94.0,94.0,0.0,Investigate rural/access barriers
MDG,"{'id': 'MG', 'value': 'Madagascar'}",18.67790031,2024,2023,75.4562966735535,2025,32740678.0,2025,599.265294255357,2025,67.0982929163102,2025,2023,2,True,61.32209969,20077271.2023419,94.49152542372882,86.4406779661017,88.5593220338983,98.30508474576271,91.94915254237289,Higher,Medium,91.14406779661017,8.0,7.0,1.0,Investigate rural/access barriers
MDV,"{'id': 'MV', 'value': 'Maldives'}",85.23999786,2024,2024,148.137074909198,2025,529676.0,2025,14614.7208116541,2025,57.4938432004533,2025,2024,1,True,0.0,0.0,25.847457627118644,25.847457627118644,77.11864406779661,36.86440677966102,35.74152542372882,Medium,High,35.74152542372882,126.0,126.0,0.0,Investigate rural/access barriers
MEA,"{'id': 'ZQ', 'value': 'Middle East, North Africa, Afghanistan & Pakistan'}",63.7,2025,2025,107.1,2025,828025185.0,2025,6202.19002141299,2025,44.0443447113604,2025,2025,0,True,16.299999999999997,134968105.15499997,68.64406779661016,92.37288135593221,61.440677966101696,58.05084745762712,72.5635593220339,Higher,High,74.9364406779661,67.0,62.0,5.0,Investigate rural/access barriers
MEX,"{'id': 'MX', 'value': 'Mexico'}",83.12233799,2024,2024,116.486713265167,2025,131946900.0,2025,13889.2339628708,2025,19.9591069370277,2025,2024,1,True,0.0,0.0,25.847457627118644,25.847457627118644,23.728813559322035,38.13559322033898,27.987288135593218,Lower,High,27.98728813559322,175.0,175.0,0.0,Investigate usage/adoption barriers
MHL,"{'id': 'MH', 'value': 'Marshall Islands'}",65.915802,2024,2022,39.7060658232902,2025,36282.0,2025,8489.05793506422,2025,20.894496908548,2025,2022,3,True,14.084198,5110.02871836,66.52542372881356,52.96610169491526,26.27118644067797,49.57627118644068,53.029661016949156,Medium,Medium,51.67372881355933,105.0,109.0,-4.0,Mixed barriers — investigate
MKD,"{'id': 'MK', 'value': 'North Macedonia'}",93.1,2025,2024,108.38712260883,2025,1820909.0,2025,10489.9255355525,2025,37.1090142173964,2025,2024,1,True,0.0,0.0,25.847457627118644,25.847457627118644,50.0,44.91525423728814,33.28389830508475,Lower,High,33.28389830508475,138.0,138.0,0.0,Mixed barriers — investigate
MLI,"{'id': 'ML', 'value': 'Mali'}",36.80149841,2024,2022,112.119852778009,2025,25198821.0,2025,1193.27601004701,2025,67.7872862816011,2025,2022,3,True,43.19850159,10885513.090346253,82.20338983050848,81.35593220338984,88.98305084745762,89.83050847457628,84.49152542372882,Higher,Medium,84.40677966101696,31.0,30.0,1.0,Investigate rural/access barriers
MLT,"{'id': 'MT', 'value': 'Malta'}",93.86029816,2024,2024,142.070062100751,2025,579704.0,2025,47906.9000057635,2025,4.3194143350407,2025,2024,1,True,0.0,0.0,25.847457627118644,25.847457627118644,5.508474576271186,14.406779661016941,20.508474576271183,Lower,High,20.508474576271187,219.0,219.0,0.0,Investigate usage/adoption barriers
MMR,"{'id': 'MM', 'value': 'Myanmar'}",45.4477005,2020,2024,114.329042129489,2025,54850648.0,2025,1488.87527836542,2025,69.4163084523233,2025,2020,5,True,34.5522995,18952160.17465076,77.96610169491525,86.01694915254238,91.52542372881356,86.01694915254237,84.02542372881355,Higher,Low,84.83050847457628,33.0,29.0,4.0,Investigate rural/access barriers
MNA,"{'id': 'XQ', 'value': 'Middle East, North Africa, Afghanistan & Pakistan (excluding high income)'}",0.0,2025,2025,101.0,2025,753903407.0,2025,2829.12883889291,2025,47.1371318359921,2025,2025,0,True,80.0,603122725.6,99.78813559322035,99.15254237288136,66.52542372881356,73.72881355932203,89.39618644067798,Higher,High,89.33262711864407,16.0,17.0,-1.0,Investigate rural/access barriers
MNE,"{'id': 'ME', 'value': 'Montenegro'}",88.88258428,2024,2024,221.687322527444,2025,623129.0,2025,14816.8380299947,2025,34.3914916478964,2025,2024,1,True,0.0,0.0,25.847457627118644,25.847457627118644,45.33898305084746,35.16949152542372,30.63559322033898,Lower,High,30.635593220338983,157.0,157.0,0.0,Investigate usage/adoption barriers
MNG,"{'id': 'MN', 'value': 'Mongolia'}",85.12349701,2024,2024,140.670025377351,2025,3568978.0,2025,7108.22743246244,2025,28.8549280873877,2025,2024,1,True,0.0,0.0,25.847457627118644,25.847457627118644,35.59322033898305,53.38983050847458,32.817796610169495,Lower,High,32.817796610169495,144.0,144.0,0.0,Investigate affordability/economic barriers
MOZ,"{'id': 'MZ', 'value': 'Mozambique'}",20.52729988,2024,2024,49.5047696961223,2025,35631653.0,2025,626.914419215727,2025,62.7922055072811,2025,2024,1,True,59.47270012,21191106.136488985,92.79661016949152,87.28813559322035,82.62711864406779,97.88135593220339,90.63559322033898,Higher,High,90.08474576271186,13.0,13.0,0.0,Investigate rural/access barriers
MRT,"{'id': 'MR', 'value': 'Mauritania'}",45.77939987,2024,2024,92.0748946443443,2025,5315065.0,2025,2197.51046251309,2025,38.5111809462304,2025,2024,1,True,34.22060013,1818847.1402995845,77.54237288135593,70.33898305084746,53.813559322033896,78.8135593220339,72.07627118644068,Higher,High,71.35593220338983,69.0,71.0,-2.0,Investigate rural/access barriers
MUS,"{'id': 'MU', 'value': 'Mauritius'}",73.30793533,2024,2024,172.68356921857,2025,1243741.0,2025,12991.2935987166,2025,60.9630336631476,2025,2024,1,True,6.6920646699999935,83231.95204730463,57.6271186440678,59.7457627118644,80.9322033898305,39.83050847457628,58.19915254237287,Medium,High,58.41101694915254,93.0,92.0,1.0,Investigate rural/access barriers
MWI,"{'id': 'MW', 'value': 'Malawi'}",18.96159935,2024,2024,69.260530662121,2025,22216120.0,2025,671.506847203876,2025,82.4050131613683,2025,2024,1,True,61.03840065,13560364.33448478,93.64406779661016,83.05084745762711,99.15254237288136,96.61016949152543,91.88559322033899,Higher,High,90.82627118644066,10.0,9.0,1.0,Investigate rural/access barriers
MYS,"{'id': 'MY', 'value': 'Malaysia'}",98.0206059,2024,2024,139.664651283564,2025,35977838.0,2025,13124.5554178269,2025,22.6051187703771,2025,2024,1,True,0.0,0.0,25.847457627118644,25.847457627118644,27.966101694915253,38.983050847457626,28.79237288135593,Lower,High,28.792372881355934,169.0,169.0,0.0,Investigate usage/adoption barriers
NAC,"{'id': 'XU', 'value': 'North America'}",95.6,2025,2025,112.0,2025,383501065.0,2025,86308.0717272746,2025,19.5130371601312,2025,2025,0,True,0.0,0.0,25.847457627118644,25.847457627118644,22.45762711864407,4.66101694915254,21.101694915254235,Lower,High,21.10169491525424,216.0,216.0,0.0,Mixed barriers — investigate
NAM,"{'id': 'NA', 'value': 'Namibia'}",64.87460327,2024,2024,85.1648988113055,2025,3092816.0,2025,4875.92558158247,2025,49.1333015600674,2025,2024,1,True,15.125396730000006,467800.69012891693,67.79661016949152,64.40677966101694,69.49152542372882,63.13559322033898,66.10169491525423,Medium,High,65.76271186440677,81.0,83.0,-2.0,Investigate rural/access barriers
NCL,"{'id': 'NC', 'value': 'New Caledonia'}",82.0058408035186,2017,2022,91.6763895612682,2025,295333.0,2024,29213.1923192946,2025,31.8282111664423,2025,2017,8,True,0.0,0.0,25.847457627118644,25.847457627118644,41.94915254237288,23.305084745762713,27.75423728813559,Lower,Low,27.754237288135595,178.0,178.0,0.0,Mixed barriers — investigate
NER,"{'id': 'NE', 'value': 'Niger'}",15.55760002,2024,2024,60.5939862118112,2025,27917831.0,2025,775.353622143879,2025,81.6259302804531,2025,2024,1,True,64.44239998,17990920.318760436,97.03389830508475,85.59322033898306,98.72881355932203,96.1864406779661,93.68644067796609,Higher,High,92.54237288135593,2.0,4.0,-2.0,Investigate rural/access barriers
NGA,"{'id': 'NG', 'value': 'Nigeria'}",41.21139908,2024,2024,70.7619057835431,2025,237527782.0,2025,1224.25410237743,2025,36.2245819532128,2025,2024,1,True,38.78860092,92133703.43410759,80.08474576271186,91.94915254237289,48.30508474576271,88.98305084745763,80.65677966101694,Higher,High,81.84322033898306,41.0,39.0,2.0,Investigate affordability/economic barriers
NIC,"{'id': 'NI', 'value': 'Nicaragua'}",61.39550018,2024,2024,105.961143065351,2025,7007502.0,2025,3173.33724815085,2025,40.5564107042668,2025,2024,1,True,18.60449982,1303710.6969764964,70.33898305084746,69.91525423728814,55.932203389830505,69.91525423728814,67.96610169491525,Higher,High,67.92372881355932,78.0,80.0,-2.0,Investigate rural/access barriers
NLD,"{'id': 'NL', 'value': 'Netherlands'}",97.00679779,2024,2024,128.538765867661,2025,18087633.0,2025,73683.917132794,2025,4.06140965188089,2025,2024,1,True,0.0,0.0,25.847457627118644,25.847457627118644,5.084745762711865,6.355932203389841,18.834745762711865,Lower,High,18.83474576271187,228.0,228.0,0.0,Investigate usage/adoption barriers
NOR,"{'id': 'NO', 'value': 'Norway'}",99.0,2024,2024,109.348606513576,2025,5610870.0,2025,94594.1929573987,2025,16.4294212291674,2025,2024,1,True,0.0,0.0,25.847457627118644,25.847457627118644,18.220338983050848,3.813559322033896,20.296610169491522,Lower,High,20.296610169491526,221.0,221.0,0.0,Mixed barriers — investigate
NPL,"{'id': 'NP', 'value': 'Nepal'}",46.32189941,2024,2024,99.8471420273964,2025,29618118.0,2025,1535.87781246307,2025,33.000575115141,2025,2024,1,True,33.67810059,9974819.572904896,76.69491525423729,79.66101694915254,42.79661016949153,85.59322033898304,74.27966101694915,Higher,High,74.57627118644068,62.0,64.0,-2.0,Investigate affordability/economic barriers
NRU,"{'id': 'NR', 'value': 'Naoero'}",83.01170349,2024,2022,87.1705787645115,2025,12025.0,2025,14639.5046929186,2025,0.0,2025,2022,3,True,0.0,0.0,25.847457627118644,25.847457627118644,2.11864406779661,36.440677966101696,24.406779661016948,Lower,Medium,24.40677966101695,195.0,195.0,0.0,Mixed barriers — investigate
NZL,"{'id': 'NZ', 'value': 'New Zealand'}",93.51930237,2024,2024,130.093457083544,2025,5324700.0,2025,49591.0405731713,2025,16.0021484225269,2025,2024,1,True,0.0,0.0,25.847457627118644,25.847457627118644,17.796610169491526,13.559322033898297,22.18220338983051,Lower,High,22.182203389830512,206.0,206.0,0.0,Investigate usage/adoption barriers
OMN,"{'id': 'OM', 'value': 'Oman'}",95.25174678,2024,2024,120.61105087402,2025,5494691.0,2025,19947.3966227092,2025,20.5218616692311,2025,2024,1,True,0.0,0.0,25.847457627118644,25.847457627118644,25.0,30.08474576271186,26.56779661016949,Lower,High,26.567796610169495,183.0,183.0,0.0,Investigate usage/adoption barriers
PAK,"{'id': 'PK', 'value': 'Pakistan'}",57.253,2024,2024,76.8544559649986,2025,255219554.0,2025,1595.90912252837,2025,60.4743989020394,2025,2024,1,True,22.747,58054791.94838,73.30508474576271,90.67796610169492,80.50847457627118,85.16949152542372,81.97033898305085,Higher,High,83.70762711864407,37.0,35.0,2.0,Investigate rural/access barriers
PAN,"{'id': 'PA', 'value': 'Panama'}",72.77149963,2024,2023,156.586507591014,2025,4571189.0,2025,19789.7308555826,2025,33.8499000581874,2025,2023,2,True,7.228500370000006,330428.4137783996,58.47457627118644,62.28813559322034,44.06779661016949,30.508474576271183,51.86440677966102,Medium,Medium,52.24576271186441,108.0,107.0,1.0,Investigate usage/adoption barriers
PER,"{'id': 'PE', 'value': 'Peru'}",81.95705992,2024,2024,124.623544414599,2025,34576665.0,2025,9684.41170314988,2025,14.4036515154537,2025,2024,1,True,0.0,0.0,25.847457627118644,25.847457627118644,16.94915254237288,47.03389830508474,28.749999999999996,Lower,High,28.75,170.0,170.0,0.0,Investigate usage/adoption barriers
PHL,"{'id': 'PH', 'value': 'Philippines'}",67.26300914,2024,2024,115.298749599352,2025,116786962.0,2025,4170.72347271451,2025,44.2267092394668,2025,2024,1,True,12.736990860000006,14875144.67561168,65.67796610169492,84.32203389830508,61.86440677966102,65.67796610169492,70.69915254237289,Higher,High,72.56355932203391,72.0,68.0,4.0,Investigate rural/access barriers
PLW,"{'id': 'PW', 'value': 'Palau'}",83.92549896,2024,2023,135.386698256896,2025,17663.0,2025,19532.3557719527,2025,20.7164065753444,2025,2023,2,True,0.0,0.0,25.847457627118644,25.847457627118644,25.423728813559322,30.932203389830505,26.800847457627118,Lower,Medium,26.800847457627118,182.0,182.0,0.0,Investigate usage/adoption barriers
PNG,"{'id': 'PG', 'value': 'Papua New Guinea'}",18.81159973,2024,2024,38.7651796406789,2025,10762817.0,2025,3019.5309140573,2025,84.2202551319724,2025,2024,1,True,61.18840027,6585595.546287606,94.0677966101695,77.54237288135593,99.57627118644068,72.88135593220339,85.69915254237289,Higher,High,84.04661016949153,28.0,32.0,-4.0,Investigate rural/access barriers
POL,"{'id': 'PL', 'value': 'Poland'}",88.58496367,2024,2024,138.016156588197,2025,36435861.0,2025,28419.5777395638,2025,39.9146669690629,2025,2024,1,True,0.0,0.0,25.847457627118644,25.847457627118644,54.66101694915254,24.152542372881356,29.83050847457627,Lower,High,29.83050847457627,163.0,163.0,0.0,Investigate rural/access barriers
PRI,"{'id': 'PR', 'value': 'Puerto Rico (US)'}",87.29178106,2022,2024,126.426375391555,2025,3184835.0,2025,40620.1526923687,2025,5.6595163401108,2025,2022,3,True,0.0,0.0,25.847457627118644,25.847457627118644,7.203389830508475,16.101694915254242,21.101694915254235,Lower,Medium,21.10169491525424,216.0,216.0,0.0,Investigate usage/adoption barriers
PRT,"{'id': 'PT', 'value': 'Portugal'}",88.48704454,2024,2024,124.129981203404,2025,10804871.0,2025,32081.8106150292,2025,38.5046800681015,2025,2024,1,True,0.0,0.0,25.847457627118644,25.847457627118644,53.38983050847458,22.45762711864407,29.300847457627118,Lower,High,29.30084745762712,167.0,167.0,0.0,Investigate rural/access barriers
PRY,"{'id': 'PY', 'value': 'Paraguay'}",81.57806793,2024,2023,126.605481531224,2025,7013078.0,2025,7026.61906146401,2025,29.6102360144136,2025,2023,2,True,0.0,0.0,25.847457627118644,25.847457627118644,37.28813559322034,54.23728813559322,33.24152542372882,Lower,Medium,33.24152542372882,140.0,140.0,0.0,Investigate affordability/economic barriers
PSE,"{'id': 'PS', 'value': 'West Bank and Gaza'}",86.63765334,2023,2023,76.6918854204372,2025,5413596.0,2025,3171.10844621579,2025,12.6181037036607,2025,2023,2,True,0.0,0.0,25.847457627118644,25.847457627118644,15.677966101694915,70.33898305084746,33.22033898305085,Lower,Medium,33.22033898305085,141.0,141.0,0.0,Investigate affordability/economic barriers
PYF,"{'id': 'PF', 'value': 'French Polynesia'}",72.7038953132942,2017,2023,118.777524029055,2025,282465.0,2024,22439.8838746025,2025,38.2416233526169,2025,2017,8,True,7.296104686705803,20608.942103303547,59.32203389830508,55.932203389830505,52.54237288135594,28.813559322033896,51.186440677966104,Medium,Low,50.847457627118644,111.0,112.0,-1.0,Investigate rural/access barriers
QAT,"{'id': 'QA', 'value': 'Qatar'}",98.08540344,2024,2024,153.612474384296,2025,2972215.0,2025,72524.9066385222,2025,0.640657230368802,2025,2024,1,True,0.0,0.0,25.847457627118644,25.847457627118644,4.23728813559322,6.779661016949163,18.792372881355934,Lower,High,18.792372881355938,229.0,229.0,0.0,Investigate usage/adoption barriers
ROU,"{'id': 'RO', 'value': 'Romania'}",91.29048551,2024,2024,119.804862328273,2025,19020271.0,2025,22537.9532108047,2025,47.8271114958302,2025,2024,1,True,0.0,0.0,25.847457627118644,25.847457627118644,67.79661016949152,28.389830508474574,32.64830508474576,Lower,High,32.648305084745765,146.0,146.0,0.0,Investigate rural/access barriers
RUS,"{'id': 'RU', 'value': 'Russian Federation'}",94.36495368,2024,2024,186.103787309059,2025,143513328.0,2025,17546.609375,2025,24.7493363391785,2025,2024,1,True,0.0,0.0,25.847457627118644,25.847457627118644,30.08474576271186,33.050847457627114,27.92372881355932,Lower,High,27.923728813559322,176.0,176.0,0.0,Investigate usage/adoption barriers
RWA,"{'id': 'RW', 'value': 'Rwanda'}",31.70330048,2024,2024,93.201462876722,2025,14569341.0,2025,1123.73874633225,2025,69.0866159071838,2025,2024,1,True,48.296699520000004,7036510.844814164,88.13559322033898,78.38983050847457,91.10169491525424,91.52542372881356,86.33474576271186,Higher,High,85.36016949152543,25.0,27.0,-2.0,Investigate rural/access barriers
SAS,"{'id': '8S', 'value': 'South Asia'}",67.8,2025,2025,81.7,2025,1692252900.0,2025,2705.28227429085,2025,64.2072949798681,2025,2025,0,True,12.200000000000003,206454853.80000004,64.61864406779661,94.27966101694916,85.38135593220339,74.78813559322035,78.66525423728814,Higher,High,81.63135593220339,47.0,41.0,6.0,Investigate rural/access barriers
SAU,"{'id': 'SA', 'value': 'Saudi Arabia'}",100.0,2024,2024,159.541370566589,2025,36973555.0,2025,34536.6555456551,2025,15.3876878937815,2025,2024,1,True,0.0,0.0,25.847457627118644,25.847457627118644,17.372881355932204,19.91525423728814,23.389830508474574,Lower,High,23.38983050847458,202.0,202.0,0.0,Investigate usage/adoption barriers
SDN,"{'id': 'SD', 'value': 'Sudan'}",18.60000038,2017,2022,70.2084038614961,2025,51662147.0,2025,1164.53991699219,2025,65.0650555033395,2025,2017,8,True,61.39999962,31720558.06168384,94.91525423728814,88.98305084745762,86.86440677966102,90.2542372881356,90.99576271186439,Higher,Low,90.40254237288136,12.0,12.0,0.0,Investigate rural/access barriers
SEN,"{'id': 'SN', 'value': 'Senegal'}",60.11780167,2024,2024,123.894453697506,2025,18931966.0,2025,1954.71174194867,2025,44.2327505544754,2025,2024,1,True,19.88219833,3764091.027888168,71.61016949152543,74.57627118644068,62.28813559322034,80.50847457627118,72.88135593220339,Higher,High,73.17796610169492,66.0,67.0,-1.0,Investigate rural/access barriers
SGP,"{'id': 'SG', 'value': 'Singapore'}",94.37757178,2024,2024,170.78256295407,2025,6111175.0,2025,98813.9788172877,2025,0.0,2025,2024,1,True,0.0,0.0,25.847457627118644,25.847457627118644,2.11864406779661,2.9661016949152526,17.71186440677966,Lower,High,17.711864406779664,233.0,233.0,0.0,Investigate usage/adoption barriers
SLB,"{'id': 'SB', 'value': 'Solomon Islands'}",29.04070091,2024,2022,62.0734995506142,2025,838645.0,2025,2086.18955928928,2025,68.6906809674582,2025,2022,3,True,50.95929909,427367.61385333055,89.83050847457628,63.559322033898304,90.67796610169492,79.23728813559322,79.95762711864407,Higher,Medium,77.33050847457628,44.0,52.0,-8.0,Investigate rural/access barriers
SLE,"{'id': 'SL', 'value': 'Sierra Leone'}",25.10499954,2024,2022,107.882000873042,2025,8819794.0,2025,846.296172499617,2025,54.0732218643319,2025,2022,3,True,54.89500046,4841625.956871052,91.10169491525424,75.84745762711864,71.61016949152543,94.91525423728814,84.36440677966102,Higher,Medium,82.83898305084747,32.0,38.0,-6.0,Investigate rural/access barriers
SLV,"{'id': 'SV', 'value': 'El Salvador'}",66.47769928,2024,2024,176.517423814642,2025,6365503.0,2025,5766.72574029107,2025,24.4762876790049,2025,2024,1,True,13.522300720000004,860762.4580006218,66.10169491525424,66.52542372881356,29.66101694915254,60.16949152542373,59.57627118644068,Medium,High,59.618644067796616,90.0,88.0,2.0,Investigate affordability/economic barriers
SMR,"{'id': 'SM', 'value': 'San Marino'}",97.35220337,2024,2022,120.269873863303,2025,34109.0,2023,59871.3288101478,2025,2.8129745828427,2025,2022,3,True,0.0,0.0,25.847457627118644,25.847457627118644,4.661016949152542,9.745762711864401,19.44915254237288,Lower,Medium,19.449152542372882,226.0,226.0,0.0,Investigate usage/adoption barriers
SOM,"{'id': 'SO', 'value': 'Somalia, Fed. Rep.'}",27.94020081,2024,2023,53.9579646939598,2025,19654739.0,2025,661.173877723116,2025,44.8600937127024,2025,2023,2,True,52.05979919,10232217.654718613,90.67796610169492,80.50847457627118,63.559322033898304,97.03389830508475,84.83050847457628,Higher,Medium,83.81355932203391,30.0,34.0,-4.0,Investigate rural/access barriers
SRB,"{'id': 'RS', 'value': 'Serbia'}",87.69071294,2024,2024,123.822194984291,2025,6549143.0,2025,15262.0464193413,2025,37.3620127200667,2025,2024,1,True,0.0,0.0,25.847457627118644,25.847457627118644,50.847457627118644,34.32203389830508,31.29237288135593,Lower,High,31.292372881355934,153.0,153.0,0.0,Investigate rural/access barriers
SSA,"{'id': 'ZF', 'value': 'Sub-Saharan Africa (excluding high income)'}",36.5,2025,2025,92.7,2025,1321531487.0,2025,1671.41989803328,2025,55.3415365027363,2025,2025,0,True,43.5,574866196.845,82.62711864406779,97.88135593220339,74.57627118644068,83.05084745762713,86.08050847457628,Higher,High,87.60593220338983,27.0,23.0,4.0,Investigate rural/access barriers
SSD,"{'id': 'SS', 'value': 'South Sudan'}",6.671000004,2019,2023,46.6152369503945,2025,12188788.0,2015,1080.14718624765,2025,78.3156400982599,2025,2015,10,True,73.328999996,8937916.352032447,99.15254237288136,79.23728813559322,97.45762711864407,92.37288135593221,91.5677966101695,Higher,Low,89.57627118644066,11.0,16.0,-5.0,Investigate rural/access barriers
SSF,"{'id': 'ZG', 'value': 'Sub-Saharan Africa'}",35.7,2025,2025,90.4,2025,1321654217.0,2025,1673.07077574497,2025,55.3414599504787,2025,2025,0,True,44.3,585492818.131,83.47457627118644,98.30508474576271,73.9406779661017,82.41525423728814,86.28177966101696,Higher,High,87.76483050847459,26.0,22.0,4.0,Investigate rural/access barriers
SST,"{'id': 'S1', 'value': 'Small states'}",0.0,2025,2025,161.6,2025,20347135.0,2025,16577.8450757077,2025,47.8952765661413,2025,2025,0,True,80.0,16277708.0,99.78813559322035,85.16949152542372,68.22033898305084,33.474576271186436,77.40466101694915,Higher,High,75.94279661016948,56.0,59.0,-3.0,Investigate rural/access barriers
STP,"{'id': 'ST', 'value': 'Sao Tome and Principe'}",59.11759949,2024,2024,62.4367400312479,2025,240254.0,2025,4084.40062145233,2025,30.8278134584016,2025,2024,1,True,20.882400509999997,50170.80252129539,72.03389830508475,58.89830508474576,39.40677966101695,66.52542372881356,62.097457627118644,Medium,High,60.78389830508475,86.0,86.0,0.0,Investigate affordability/economic barriers
SUR,"{'id': 'SR', 'value': 'Suriname'}",87.4,2023,2024,142.122626416427,2025,639850.0,2025,7069.87230892274,2025,34.2113163593294,2025,2023,2,True,0.0,0.0,25.847457627118644,25.847457627118644,44.91525423728814,53.813559322033896,34.30084745762712,Medium,Medium,34.30084745762712,134.0,134.0,0.0,Investigate affordability/economic barriers
SVK,"{'id': 'SK', 'value': 'Slovak Republic'}",89.82507032,2024,2024,139.967676092657,2025,5413813.0,2025,28543.6653439813,2025,46.8059658028831,2025,2024,1,True,0.0,0.0,25.847457627118644,25.847457627118644,66.10169491525424,23.728813559322035,31.46186440677966,Lower,High,31.461864406779668,150.0,150.0,0.0,Investigate rural/access barriers
SVN,"{'id': 'SI', 'value': 'Slovenia'}",90.76355487,2024,2024,130.86090177123,2025,2130986.0,2025,37376.2216079138,2025,44.0093002154178,2025,2024,1,True,0.0,0.0,25.847457627118644,25.847457627118644,61.016949152542374,17.796610169491515,29.51271186440678,Lower,High,29.512711864406782,166.0,166.0,0.0,Investigate rural/access barriers
SWE,"{'id': 'SE', 'value': 'Sweden'}",95.76629783,2025,2024,140.686673016562,2025,10596620.0,2025,63133.2126736715,2025,10.9221322210445,2025,2024,1,True,0.0,0.0,25.847457627118644,25.847457627118644,12.288135593220339,7.627118644067792,20.169491525423727,Lower,High,20.16949152542373,222.0,222.0,0.0,Investigate usage/adoption barriers
SWZ,"{'id': 'SZ', 'value': 'Eswatini'}",63.40309906,2024,2024,139.833459658744,2025,1256174.0,2025,4108.25221093363,2025,73.2786290293475,2025,2024,1,True,16.596900939999998,208485.95441403557,69.0677966101695,61.016949152542374,93.64406779661016,66.10169491525424,69.7457627118644,Higher,High,68.94067796610169,75.0,79.0,-4.0,Investigate rural/access barriers
SYC,"{'id': 'SC', 'value': 'Seychelles'}",87.81800079,2024,2024,125.616862703001,2025,122730.0,2025,19449.3836346926,2025,54.5171609295391,2025,2024,1,True,0.0,0.0,25.847457627118644,25.847457627118644,72.45762711864407,31.35593220338984,33.9406779661017,Medium,High,33.9406779661017,136.0,136.0,0.0,Investigate rural/access barriers
SYR,"{'id': 'SY', 'value': 'Syrian Arab Republic'}",33.77000046,2018,2024,71.2231424453527,2025,25620427.0,2022,1056.78264718197,2025,27.9163713791482,2025,2018,7,True,46.22999954,11844323.284246037,86.01694915254238,81.77966101694916,33.89830508474576,92.79661016949153,78.28389830508475,Higher,Low,77.86016949152544,52.0,51.0,1.0,Investigate affordability/economic barriers
TCD,"{'id': 'TD', 'value': 'Chad'}",12.62689972,2024,2024,72.9289782617702,2025,21003705.0,2025,1022.33559390754,2025,72.4341213663135,2025,2024,1,True,67.37310028,14150847.232165374,97.88135593220339,83.89830508474576,93.22033898305084,93.22033898305085,92.0550847457627,Higher,High,90.65677966101694,7.0,10.0,-3.0,Investigate rural/access barriers
TEA,"{'id': 'T4', 'value': 'East Asia & Pacific (IDA & IBRD countries)'}",88.9,2025,2025,131.0,2025,2117367063.0,2025,10965.8265646099,2025,37.9732004354669,2025,2025,0,True,0.0,0.0,25.847457627118644,25.847457627118644,52.118644067796616,42.79661016949152,33.17796610169491,Lower,High,33.17796610169492,142.0,142.0,0.0,Investigate rural/access barriers
TEC,"{'id': 'T7', 'value': 'Europe & Central Asia (IDA & IBRD countries)'}",90.8,2025,2025,142.4,2025,462559433.0,2025,15300.0702229683,2025,30.8452433736568,2025,2025,0,True,0.0,0.0,25.847457627118644,25.847457627118644,39.83050847457627,33.89830508474576,29.55508474576271,Lower,High,29.555084745762713,165.0,165.0,0.0,Investigate usage/adoption barriers
TGO,"{'id': 'TG', 'value': 'Togo'}",39.48320007,2024,2024,80.8035554767112,2025,8591626.0,2025,1383.89974929887,2025,55.6050107925601,2025,2024,1,True,40.51679993,3481051.9171538614,81.35593220338984,73.30508474576271,75.42372881355932,86.86440677966101,79.15254237288136,Higher,High,78.34745762711864,46.0,49.0,-3.0,Investigate rural/access barriers
THA,"{'id': 'TH', 'value': 'Thailand'}",90.86718789,2024,2024,160.639312286761,2025,71619863.0,2025,8056.56359761558,2025,37.2006622863704,2025,2024,1,True,0.0,0.0,25.847457627118644,25.847457627118644,50.42372881355932,50.42372881355932,34.449152542372886,Medium,High,34.449152542372886,133.0,133.0,0.0,Investigate rural/access barriers
TJK,"{'id': 'TJ', 'value': 'Tajikistan'}",55.79339981,2024,2023,76.215892145748,2025,10786734.0,2025,1637.2542942547,2025,73.83523729147,2025,2023,2,True,24.206600190000003,2611101.572938795,73.72881355932203,72.03389830508475,94.49152542372882,83.89830508474577,78.36864406779661,Higher,Medium,78.19915254237289,50.0,50.0,0.0,Investigate rural/access barriers
TKM,"{'id': 'TM', 'value': 'Turkmenistan'}",17.99029922,2016,2021,88.1929367884543,2025,7618847.0,2025,6540.17876401136,2025,52.8946391746253,2025,2016,9,True,62.00970078,4724424.227586007,95.33898305084746,75.42372881355932,70.76271186440678,57.20338983050847,78.05084745762713,Higher,Low,76.05932203389833,53.0,58.0,-5.0,Investigate rural/access barriers
TLA,"{'id': 'T2', 'value': 'Latin America & the Caribbean (IDA & IBRD countries)'}",83.9,2025,2025,117.5,2025,651467364.0,2025,10822.5929247606,2025,18.4896065512669,2025,2025,0,True,0.0,0.0,25.847457627118644,25.847457627118644,19.915254237288135,44.067796610169495,28.60169491525424,Lower,High,28.601694915254242,171.0,171.0,0.0,Investigate usage/adoption barriers
TLS,"{'id': 'TL', 'value': 'Timor-Leste'}",35.04199982,2021,2024,116.382391453038,2025,1418517.0,2025,1340.9640193437,2025,71.2135681039065,2025,2021,4,True,44.95800018,637736.8754133306,84.7457627118644,65.67796610169492,92.79661016949152,87.71186440677965,80.82627118644066,Higher,Low,78.91949152542372,39.0,46.0,-7.0,Investigate rural/access barriers
TMN,"{'id': 'T3', 'value': 'Middle East, North Africa, Afghanistan & Pakistan (IDA & IBRD)'}",60.2,2025,2025,101.1,2025,748489811.0,2025,2826.65540584536,2025,47.3867973222482,2025,2025,0,True,19.799999999999997,148200982.57799998,71.1864406779661,93.22033898305084,67.37288135593221,74.15254237288136,77.8177966101695,Higher,High,80.02118644067797,54.0,44.0,10.0,Investigate rural/access barriers
TON,"{'id': 'TO', 'value': 'Tonga'}",67.4417038,2024,2022,61.7257858761257,2025,103742.0,2025,6547.18646814228,2025,78.8438593782552,2025,2022,3,True,12.558296200000001,13028.227643804,65.2542372881356,54.66101694915254,97.88135593220339,56.77966101694915,65.27542372881355,Medium,Medium,64.21610169491525,84.0,84.0,0.0,Investigate rural/access barriers
TSA,"{'id': 'T5', 'value': 'South Asia (IDA & IBRD)'}",67.8,2025,2025,81.7,2025,1692252900.0,2025,2705.28227429085,2025,64.2072949798681,2025,2025,0,True,12.200000000000003,206454853.80000004,64.61864406779661,94.27966101694916,85.38135593220339,74.78813559322035,78.66525423728814,Higher,High,81.63135593220339,47.0,41.0,6.0,Investigate rural/access barriers
TSS,"{'id': 'T6', 'value': 'Sub-Saharan Africa (IDA & IBRD countries)'}",35.2,2025,2025,90.4,2025,1321654217.0,2025,1673.07077574497,2025,55.3414599504787,2025,2025,0,True,44.8,592101089.216,84.32203389830508,98.72881355932203,73.9406779661017,82.41525423728814,86.70550847457628,Higher,High,88.14618644067798,24.0,20.0,4.0,Investigate rural/access barriers
TTO,"{'id': 'TT', 'value': 'Trinidad and Tobago'}",82.15989685,2024,2024,118.786668099235,2025,1367764.0,2025,18967.2704636681,2025,46.0303912582894,2025,2024,1,True,0.0,0.0,25.847457627118644,25.847457627118644,64.40677966101694,31.779661016949163,32.817796610169495,Lower,High,32.817796610169495,144.0,144.0,0.0,Investigate rural/access barriers
TUN,"{'id': 'TN', 'value': 'Tunisia'}",76.5,2024,2024,117.606816067203,2025,12348573.0,2025,4656.63818386852,2025,29.2970673990136,2025,2024,1,True,3.5,432200.055,55.08474576271186,63.983050847457626,36.440677966101696,63.983050847457626,56.73728813559322,Medium,High,57.62711864406779,96.0,96.0,0.0,Investigate affordability/economic barriers
TUR,"{'id': 'TR', 'value': 'Turkiye'}",89.77024003,2025,2024,107.826875714392,2025,85878556.0,2025,18599.4420922378,2025,10.505939997814,2025,2024,1,True,0.0,0.0,25.847457627118644,25.847457627118644,11.016949152542372,32.203389830508485,24.894067796610173,Lower,High,24.894067796610173,194.0,194.0,0.0,Mixed barriers — investigate
TUV,"{'id': 'TV', 'value': 'Tuvalu'}",35.20000076,2017,2022,98.8590872698158,2025,9492.0,2025,6041.44908591428,2025,34.5519290474907,2025,2017,8,True,44.79999924,4252.4159278607995,83.89830508474576,52.54237288135594,45.76271186440678,58.89830508474576,63.771186440677965,Medium,Low,60.63559322033899,85.0,87.0,-2.0,Investigate affordability/economic barriers
TZA,"{'id': 'TZ', 'value': 'Tanzania'}",31.16209984,2024,2024,126.559163217786,2025,70545865.0,2025,1318.81921386719,2025,63.1166884063357,2025,2024,1,True,48.837900160000004,34453119.11570838,88.5593220338983,89.40677966101694,83.47457627118644,88.13559322033899,87.96610169491524,Higher,High,88.0508474576271,20.0,21.0,-1.0,Investigate rural/access barriers
UGA,"{'id': 'UG', 'value': 'Uganda'}",8.949831061,2024,2024,83.165031466902,2025,51384894.0,2025,1206.30450825002,2025,68.0600442463383,2025,2024,1,True,71.050168939,36509053.99612608,98.30508474576271,89.83050847457628,89.83050847457628,89.40677966101696,92.71186440677965,Higher,High,91.86440677966102,6.0,5.0,1.0,Investigate rural/access barriers
UKR,"{'id': 'UA', 'value': 'Ukraine'}",82.47489929,2024,2023,133.38012811971,2025,38980376.0,2025,5865.884765625,2025,30.4045075354236,2025,2023,2,True,0.0,0.0,25.847457627118644,25.847457627118644,38.983050847457626,59.32203389830508,34.51271186440678,Medium,Medium,34.51271186440678,132.0,132.0,0.0,Investigate affordability/economic barriers
URY,"{'id': 'UY', 'value': 'Uruguay'}",91.99109007,2024,2024,145.501755749445,2025,3384688.0,2025,25215.8238152781,2025,4.3462807895915,2025,2024,1,True,0.0,0.0,25.847457627118644,25.847457627118644,5.932203389830509,27.11864406779661,23.114406779661017,Lower,High,23.11440677966102,204.0,204.0,0.0,Investigate usage/adoption barriers
USA,"{'id': 'US', 'value': 'United States'}",94.69380188,2024,2024,113.190481805755,2025,341784857.0,2025,90026.5163005744,2025,19.8078266972131,2025,2024,1,True,0.0,0.0,25.847457627118644,25.847457627118644,23.30508474576271,4.237288135593218,21.144067796610166,Lower,High,21.14406779661017,215.0,215.0,0.0,Mixed barriers — investigate
UZB,"{'id': 'UZ', 'value': 'Uzbekistan'}",89.50550079,2024,2024,110.492018573638,2025,37053428.0,2025,3968.2720079072,2025,48.9826504915701,2025,2024,1,True,0.0,0.0,25.847457627118644,25.847457627118644,68.64406779661016,67.37288135593221,40.57203389830509,Medium,High,40.57203389830509,119.0,119.0,0.0,Investigate rural/access barriers
VCT,"{'id': 'VC', 'value': 'St. Vincent and the Grenadines'}",76.19010162,2024,2024,108.354536057883,2025,99924.0,2025,12561.769166789,2025,52.0189519618179,2025,2024,1,True,3.809898380000007,3807.002857231207,55.50847457627118,52.118644067796616,70.33898305084746,40.2542372881356,53.66525423728814,Medium,High,53.326271186440685,103.0,104.0,-1.0,Investigate rural/access barriers
VEN,"{'id': 'VE', 'value': 'Venezuela, RB'}",76.67890167,2024,2024,71.0075917225029,2025,28516896.0,2025,3494.8138870244,2025,10.6780887701012,2025,2024,1,True,3.321098329999998,947074.1568238363,54.66101694915254,67.37288135593221,11.440677966101696,69.0677966101695,54.87288135593219,Medium,High,56.14406779661017,102.0,100.0,2.0,Investigate affordability/economic barriers
VIR,"{'id': 'VI', 'value': 'Virgin Islands (U.S.)'}",64.3774942980087,2017,2022,91.4619626157421,2025,103792.0,2022,44320.909185774,2025,4.611420924462,2025,2017,8,True,15.622505701991301,16214.91111821081,68.22033898305084,55.08474576271186,6.3559322033898304,14.830508474576277,44.32203389830508,Medium,Low,43.00847457627119,114.0,115.0,-1.0,Mixed barriers — investigate
VNM,"{'id': 'VN', 'value': 'Viet Nam'}",84.15,2024,2024,127.606471743496,2025,101598527.0,2025,5065.99091899299,2025,61.1700839648706,2025,2024,1,True,0.0,0.0,25.847457627118644,25.847457627118644,81.35593220338984,61.86440677966102,41.37711864406779,Medium,High,41.37711864406781,117.0,116.0,1.0,Investigate rural/access barriers
VUT,"{'id': 'VU', 'value': 'Vanuatu'}",22.35140038,2015,2023,89.2943082123161,2025,335169.0,2025,4038.73520713411,2025,77.6780111163278,2025,2015,10,True,57.64859962,193220.2348603578,91.94915254237289,60.59322033898306,97.03389830508475,66.94915254237287,78.30508474576271,Higher,Low,75.16949152542374,51.0,61.0,-10.0,Investigate rural/access barriers
WLD,"{'id': '1W', 'value': 'World'}",73.6,2025,2025,111.5,2025,8215424893.0,2025,14405.8484595528,2025,42.1748841884779,2025,2025,0,True,6.400000000000006,525787193.1520005,57.20338983050848,96.61016949152543,59.32203389830508,37.28813559322034,65.36016949152543,Medium,High,69.30084745762713,82.0,77.0,5.0,Investigate rural/access barriers
XKX,"{'id': 'XK', 'value': 'Kosovo'}",89.4430319734879,2018,2022,34.5402009143477,2025,1576876.0,2025,7899.41841135202,2025,49.0739028349602,2025,2018,7,True,0.0,0.0,25.847457627118644,25.847457627118644,69.0677966101695,51.271186440677965,37.41525423728813,Medium,Low,37.41525423728814,122.0,122.0,0.0,Investigate rural/access barriers
YEM,"{'id': 'YE', 'value': 'Yemen, Rep.'}",17.49099922,2019,2023,50.8937810578557,2025,41773878.0,2018,633.887202451545,2025,62.9663335392922,2025,2018,7,True,62.50900078,26112433.724856246,95.76271186440678,88.13559322033898,83.05084745762711,97.45762711864407,91.90677966101696,Higher,Low,91.14406779661017,9.0,7.0,2.0,Investigate rural/access barriers
ZAF,"{'id': 'ZA', 'value': 'South Africa'}",78.35759735,2024,2024,179.336329840585,2025,64747319.0,2025,6597.71450918774,2025,36.1845988997478,2025,2024,1,True,1.642402649999994,1063411.6830599497,52.54237288135594,68.22033898305084,47.88135593220339,56.35593220338983,57.3093220338983,Medium,High,58.87711864406779,95.0,91.0,4.0,Investigate affordability/economic barriers
ZMB,"{'id': 'ZM', 'value': 'Zambia'}",17.10099983,2024,2024,108.704779873813,2025,21913874.0,2025,1317.87771619597,2025,54.0828489838539,2025,2024,1,True,62.89900017,13783607.644513585,96.1864406779661,83.47457627118644,72.03389830508475,88.5593220338983,87.22457627118644,Higher,High,85.95338983050848,22.0,25.0,-3.0,Investigate rural/access barriers
ZWE,"{'id': 'ZW', 'value': 'Zimbabwe'}",41.64279938,2024,2024,94.2451753366358,2025,16950795.0,2025,3021.43019873632,2025,59.5048712568548,2025,2024,1,True,38.35720062,6501850.444834929,79.23728813559322,77.11864406779661,79.23728813559322,72.45762711864407,77.2457627118644,Higher,High,77.03389830508475,57.0,53.0,4.0,Investigate rural/access barriers
