country_name,countryiso3code,priority_score,priority_band,data_confidence,internet_usage_pct,internet_usage_pct_year,usage_gap_pp,population,population_affected_est,rural_population_pct,gdp_per_capita,mobile_subscriptions_per_100,diagnostic_segment
"{'id': 'AF', 'value': 'Afghanistan'}",AFG,94.44915254237289,Higher,High,16.09499931,2024,63.90500069,43844111.0,28018579.437074367,74.0598355300102,416.871146273728,60.0990815591219,Investigate rural/access barriers
"{'id': 'NE', 'value': 'Niger'}",NER,93.68644067796609,Higher,High,15.55760002,2024,64.44239998,27917831.0,17990920.318760436,81.6259302804531,775.353622143879,60.5939862118112,Investigate rural/access barriers
"{'id': 'BI', 'value': 'Burundi'}",BDI,93.05084745762711,Higher,Medium,8.595999718,2024,71.404000282,14390003.0,10275037.782699808,74.3129815318337,233.823013385395,63.1631365759764,Investigate rural/access barriers
"{'id': 'ET', 'value': 'Ethiopia'}",ETH,92.94491525423729,Higher,High,21.94129944,2024,58.05870056,135472051.0,78653312.43258049,75.8903047911054,932.729352775179,65.0825091944922,Investigate rural/access barriers
"{'id': 'XM', 'value': 'Low income'}",,92.79661016949153,Higher,High,23.4,2025,56.6,767490169.0,434399435.65400004,64.8382721267928,837.360634569252,69.3,Investigate rural/access barriers
"{'id': 'UG', 'value': 'Uganda'}",UGA,92.71186440677965,Higher,High,8.949831061,2024,71.050168939,51384894.0,36509053.99612608,68.0600442463383,1206.30450825002,83.165031466902,Investigate rural/access barriers
"{'id': 'TD', 'value': 'Chad'}",TCD,92.0550847457627,Higher,High,12.62689972,2024,67.37310028,21003705.0,14150847.232165374,72.4341213663135,1022.33559390754,72.9289782617702,Investigate rural/access barriers
"{'id': 'MG', 'value': 'Madagascar'}",MDG,91.94915254237289,Higher,Medium,18.67790031,2024,61.32209969,32740678.0,20077271.2023419,67.0982929163102,599.265294255357,75.4562966735535,Investigate rural/access barriers
"{'id': 'YE', 'value': 'Yemen, Rep.'}",YEM,91.90677966101696,Higher,Low,17.49099922,2019,62.50900078,41773878.0,26112433.724856246,62.9663335392922,633.887202451545,50.8937810578557,Investigate rural/access barriers
"{'id': 'MW', 'value': 'Malawi'}",MWI,91.88559322033899,Higher,High,18.96159935,2024,61.03840065,22216120.0,13560364.33448478,82.4050131613683,671.506847203876,69.260530662121,Investigate rural/access barriers
"{'id': 'SS', 'value': 'South Sudan'}",SSD,91.5677966101695,Higher,Low,6.671000004,2019,73.328999996,12188788.0,8937916.352032447,78.3156400982599,1080.14718624765,46.6152369503945,Investigate rural/access barriers
"{'id': 'SD', 'value': 'Sudan'}",SDN,90.99576271186439,Higher,Low,18.60000038,2017,61.39999962,51662147.0,31720558.06168384,65.0650555033395,1164.53991699219,70.2084038614961,Investigate rural/access barriers
"{'id': 'MZ', 'value': 'Mozambique'}",MOZ,90.63559322033898,Higher,High,20.52729988,2024,59.47270012,35631653.0,21191106.136488985,62.7922055072811,626.914419215727,49.5047696961223,Investigate rural/access barriers
"{'id': 'CD', 'value': 'Congo, Dem. Rep.'}",COD,90.04237288135593,Higher,High,19.67350006,2024,60.326499940000005,112832473.0,68067881.75664552,54.8864366957849,806.776000708534,58.532153345468,Investigate rural/access barriers
"{'id': 'XL', 'value': 'Least developed countries: UN classification'}",LDC,89.53389830508475,Higher,High,33.7,2025,46.3,1214167506.0,562159555.278,63.3648023751122,1361.99182021439,86.3,Investigate rural/access barriers
"{'id': 'XQ', 'value': 'Middle East, North Africa, Afghanistan & Pakistan (excluding high income)'}",MNA,89.39618644067798,Higher,High,0.0,2025,80.0,753903407.0,603122725.6,47.1371318359921,2829.12883889291,101.0,Investigate rural/access barriers
"{'id': 'ZH', 'value': 'Africa Eastern and Southern'}",AFE,88.36864406779661,Higher,High,30.4,2025,49.6,788844284.0,391266764.864,61.2978603441179,1722.38561960923,93.1,Investigate rural/access barriers
"{'id': 'BF', 'value': 'Burkina Faso'}",BFA,88.24152542372882,Higher,High,28.25270081,2024,51.74729919,24074580.0,12457944.941335902,71.0773639280915,1147.57131635601,116.5895933212,Investigate rural/access barriers
"{'id': 'XI', 'value': 'IDA only'}",IDX,88.17796610169492,Higher,High,36.1,2025,43.9,1297080455.0,569418319.745,63.1405934050707,1484.11159862857,88.6,Investigate rural/access barriers
"{'id': 'TZ', 'value': 'Tanzania'}",TZA,87.96610169491524,Higher,High,31.16209984,2024,48.837900160000004,70545865.0,34453119.11570838,63.1166884063357,1318.81921386719,126.559163217786,Investigate rural/access barriers
"{'id': 'XG', 'value': 'IDA total'}",IDA,87.24576271186442,Higher,High,38.9,2025,41.1,1986863837.0,816601037.007,58.8502468592221,1608.08422318374,87.1,Investigate rural/access barriers
"{'id': 'CF', 'value': 'Central African Republic'}",CAF,87.22457627118644,Higher,Medium,13.78250027,2024,66.21749973,5513282.0,3650757.4934641384,55.4467843318184,556.131398031455,38.8217901039988,Investigate rural/access barriers
"{'id': 'ZM', 'value': 'Zambia'}",ZMB,87.22457627118644,Higher,High,17.10099983,2024,62.89900017,21913874.0,13783607.644513585,54.0828489838539,1317.87771619597,108.704779873813,Investigate rural/access barriers
"{'id': 'T6', 'value': 'Sub-Saharan Africa (IDA & IBRD countries)'}",TSS,86.70550847457628,Higher,High,35.2,2025,44.8,1321654217.0,592101089.216,55.3414599504787,1673.07077574497,90.4,Investigate rural/access barriers
"{'id': 'RW', 'value': 'Rwanda'}",RWA,86.33474576271186,Higher,High,31.70330048,2024,48.296699520000004,14569341.0,7036510.844814164,69.0866159071838,1123.73874633225,93.201462876722,Investigate rural/access barriers
"{'id': 'ZG', 'value': 'Sub-Saharan Africa'}",SSF,86.28177966101696,Higher,High,35.7,2025,44.3,1321654217.0,585492818.131,55.3414599504787,1673.07077574497,90.4,Investigate rural/access barriers
"{'id': 'ZF', 'value': 'Sub-Saharan Africa (excluding high income)'}",SSA,86.08050847457628,Higher,High,36.5,2025,43.5,1321531487.0,574866196.845,55.3415365027363,1671.41989803328,92.7,Investigate rural/access barriers
"{'id': 'PG', 'value': 'Papua New Guinea'}",PNG,85.69915254237289,Higher,High,18.81159973,2024,61.18840027,10762817.0,6585595.546287606,84.2202551319724,3019.5309140573,38.7651796406789,Investigate rural/access barriers
"{'id': 'KE', 'value': 'Kenya'}",KEN,85.12711864406779,Higher,High,34.97622513,2024,45.02377487,57532493.0,25903300.125418507,67.7878807128255,2362.86091198611,126.477706000949,Investigate rural/access barriers
"{'id': 'SO', 'value': 'Somalia, Fed. Rep.'}",SOM,84.83050847457628,Higher,Medium,27.94020081,2024,52.05979919,19654739.0,10232217.654718613,44.8600937127024,661.173877723116,53.9579646939598,Investigate rural/access barriers
"{'id': 'ML', 'value': 'Mali'}",MLI,84.49152542372882,Higher,Medium,36.80149841,2024,43.19850159,25198821.0,10885513.090346253,67.7872862816011,1193.27601004701,112.119852778009,Investigate rural/access barriers
"{'id': 'SL', 'value': 'Sierra Leone'}",SLE,84.36440677966102,Higher,Medium,25.10499954,2024,54.89500046,8819794.0,4841625.956871052,54.0732218643319,846.296172499617,107.882000873042,Investigate rural/access barriers
"{'id': 'MM', 'value': 'Myanmar'}",MMR,84.02542372881355,Higher,Low,45.4477005,2020,34.5522995,54850648.0,18952160.17465076,69.4163084523233,1488.87527836542,114.329042129489,Investigate rural/access barriers
"{'id': 'XH', 'value': 'IDA blend'}",IDB,82.66949152542372,Higher,High,44.2,2025,35.8,689783382.0,246942450.75599998,50.7826059229302,1841.20446420685,84.2,Investigate rural/access barriers
"{'id': 'GN', 'value': 'Guinea'}",GIN,82.56355932203391,Higher,Medium,33.30469894,2024,46.69530106,15099727.0,7050862.981888106,61.4834665533438,1877.2541220972,97.8794996455513,Investigate rural/access barriers
"{'id': 'ZI', 'value': 'Africa Western and Central'}",AFW,82.41525423728812,Higher,High,42.4,2025,37.6,532809933.0,200336534.808,46.5227947704179,1600.05837434388,86.5,Investigate rural/access barriers
"{'id': 'PK', 'value': 'Pakistan'}",PAK,81.97033898305085,Higher,High,57.253,2024,22.747,255219554.0,58054791.94838,60.4743989020394,1595.90912252837,76.8544559649986,Investigate rural/access barriers
"{'id': 'BD', 'value': 'Bangladesh'}",BGD,81.65254237288136,Higher,High,53.42171316,2024,26.578286839999997,175686899.0,46694567.95652108,66.7604152956025,2597.34352335275,108.077037369691,Investigate rural/access barriers
"{'id': 'TL', 'value': 'Timor-Leste'}",TLS,80.82627118644066,Higher,Low,35.04199982,2021,44.95800018,1418517.0,637736.8754133306,71.2135681039065,1340.9640193437,116.382391453038,Investigate rural/access barriers
"{'id': 'GW', 'value': 'Guinea-Bissau'}",GNB,80.78389830508473,Higher,High,29.77739906,2024,50.22260094,2249515.0,1129764.941535441,53.3489684718708,1123.76679992349,147.197631273872,Investigate rural/access barriers
"{'id': 'NG', 'value': 'Nigeria'}",NGA,80.65677966101694,Higher,High,41.21139908,2024,38.78860092,237527782.0,92133703.43410759,36.2245819532128,1224.25410237743,70.7619057835431,Investigate affordability/economic barriers
"{'id': 'XN', 'value': 'Lower middle income'}",,80.46610169491525,Higher,High,62.9,2025,17.1,2945282634.0,503643330.41400003,57.986215308401,2481.42751777184,89.9,Investigate rural/access barriers
"{'id': 'LR', 'value': 'Liberia'}",LBR,80.42372881355932,Higher,Medium,32.23360062,2024,47.76639938,5731206.0,2737590.747250523,43.9180252840662,915.328972645548,32.0638885570006,Investigate rural/access barriers
"{'id': 'SB', 'value': 'Solomon Islands'}",SLB,79.95762711864407,Higher,Medium,29.04070091,2024,50.95929909,838645.0,427367.61385333055,68.6906809674582,2086.18955928928,62.0734995506142,Investigate rural/access barriers
"{'id': 'BJ', 'value': 'Benin'}",BEN,79.89406779661016,Higher,High,33.98379898,2024,46.01620102,14814460.0,6817051.693627491,46.6379926031812,1658.27312662991,125.940873932186,Investigate rural/access barriers
"{'id': 'TG', 'value': 'Togo'}",TGO,79.15254237288136,Higher,High,39.48320007,2024,40.51679993,8591626.0,3481051.9171538614,55.6050107925601,1383.89974929887,80.8035554767112,Investigate rural/access barriers
"{'id': 'T5', 'value': 'South Asia (IDA & IBRD)'}",TSA,78.66525423728814,Higher,High,67.8,2025,12.200000000000003,1692252900.0,206454853.80000004,64.2072949798681,2705.28227429085,81.7,Investigate rural/access barriers
"{'id': '8S', 'value': 'South Asia'}",SAS,78.66525423728814,Higher,High,67.8,2025,12.200000000000003,1692252900.0,206454853.80000004,64.2072949798681,2705.28227429085,81.7,Investigate rural/access barriers
"{'id': 'KM', 'value': 'Comoros'}",COM,78.58050847457628,Higher,Medium,32.51750183,2024,47.48249817,882847.0,419197.81061889994,66.058452518639,2055.75921566281,109.855630436495,Investigate rural/access barriers
"{'id': 'TJ', 'value': 'Tajikistan'}",TJK,78.36864406779661,Higher,Medium,55.79339981,2024,24.206600190000003,10786734.0,2611101.572938795,73.83523729147,1637.2542942547,76.215892145748,Investigate rural/access barriers
"{'id': 'VU', 'value': 'Vanuatu'}",VUT,78.30508474576271,Higher,Low,22.35140038,2015,57.64859962,335169.0,193220.2348603578,77.6780111163278,4038.73520713411,89.2943082123161,Investigate rural/access barriers
"{'id': 'SY', 'value': 'Syrian Arab Republic'}",SYR,78.28389830508475,Higher,Low,33.77000046,2018,46.22999954,25620427.0,11844323.284246037,27.9163713791482,1056.78264718197,71.2231424453527,Investigate affordability/economic barriers
"{'id': 'TM', 'value': 'Turkmenistan'}",TKM,78.05084745762713,Higher,Low,17.99029922,2016,62.00970078,7618847.0,4724424.227586007,52.8946391746253,6540.17876401136,88.1929367884543,Investigate rural/access barriers
"{'id': 'T3', 'value': 'Middle East, North Africa, Afghanistan & Pakistan (IDA & IBRD)'}",TMN,77.8177966101695,Higher,High,60.2,2025,19.799999999999997,748489811.0,148200982.57799998,47.3867973222482,2826.65540584536,101.1,Investigate rural/access barriers
"{'id': 'IN', 'value': 'India'}",IND,77.47881355932203,Higher,High,70.0,2025,10.0,1463865525.0,146386552.5,64.310844227604,2702.47987141553,79.3526921826412,Investigate rural/access barriers
"{'id': 'S1', 'value': 'Small states'}",SST,77.40466101694915,Higher,High,0.0,2025,80.0,20347135.0,16277708.0,47.8952765661413,16577.8450757077,161.6,Investigate rural/access barriers
"{'id': 'ZW', 'value': 'Zimbabwe'}",ZWE,77.2457627118644,Higher,High,41.64279938,2024,38.35720062,16950795.0,6501850.444834929,59.5048712568548,3021.43019873632,94.2451753366358,Investigate rural/access barriers
"{'id': 'CI', 'value': ""Cote d'Ivoire""}",CIV,76.67372881355932,Higher,High,41.43219902,2024,38.56780098,32711547.0,12616124.34443916,45.4510498549239,3050.10202257321,183.875985110648,Investigate rural/access barriers
"{'id': 'CM', 'value': 'Cameroon'}",CMR,76.44067796610169,Higher,High,46.25880051,2024,33.74119949,29879337.0,10081646.70345938,44.3307958338677,1972.3815800786,108.213130152497,Investigate rural/access barriers
"{'id': 'LK', 'value': 'Sri Lanka'}",LKA,76.12288135593221,Higher,High,54.59,2024,25.409999999999997,21756000.0,5528199.599999999,79.5498644832063,5002.07904353724,132.548743018664,Investigate rural/access barriers
"{'id': 'LS', 'value': 'Lesotho'}",LSO,75.46610169491527,Higher,High,51.79660034,2024,28.203399660000002,2363325.0,666537.9950146951,55.3304144182891,1088.96276223185,70.328049309004,Investigate rural/access barriers
"{'id': 'NP', 'value': 'Nepal'}",NPL,74.27966101694915,Higher,High,46.32189941,2024,33.67810059,29618118.0,9974819.572904896,33.000575115141,1535.87781246307,99.8471420273964,Investigate affordability/economic barriers
"{'id': 'HT', 'value': 'Haiti'}",HTI,73.68644067796609,Higher,Medium,47.8614006,2024,32.1385994,11906095.0,3826452.17623343,44.3851144140058,2694.18969101404,65.1889329311174,Investigate rural/access barriers
"{'id': 'FM', 'value': 'Micronesia, Fed. Sts.'}",FSM,73.28389830508473,Higher,Medium,39.52360153,2024,40.47639847,113683.0,46014.7840726501,77.5190709377297,4414.00737137479,19.9885830493962,Investigate rural/access barriers
"{'id': 'AO', 'value': 'Angola'}",AGO,73.02966101694915,Higher,High,40.70479965,2024,39.29520035,39040039.0,15340861.541768136,28.5384084823915,3129.47662331063,69.7039467163584,Investigate affordability/economic barriers
"{'id': 'SN', 'value': 'Senegal'}",SEN,72.88135593220339,Higher,High,60.11780167,2024,19.88219833,18931966.0,3764091.027888168,44.2327505544754,1954.71174194867,123.894453697506,Investigate rural/access barriers
"{'id': 'ZQ', 'value': 'Middle East, North Africa, Afghanistan & Pakistan'}",MEA,72.5635593220339,Higher,High,63.7,2025,16.299999999999997,828025185.0,134968105.15499997,44.0443447113604,6202.19002141299,107.1,Investigate rural/access barriers
"{'id': 'GM', 'value': 'Gambia, The'}",GMB,72.22457627118644,Higher,High,49.49430084,2024,30.50569916,2822093.0,860899.2005954188,35.0115138674419,919.060423427951,126.243773523653,Investigate affordability/economic barriers
"{'id': 'MR', 'value': 'Mauritania'}",MRT,72.07627118644068,Higher,High,45.77939987,2024,34.22060013,5315065.0,1818847.1402995845,38.5111809462304,2197.51046251309,92.0748946443443,Investigate rural/access barriers
"{'id': 'ZT', 'value': 'IDA & IBRD total'}",IBT,72.05508474576271,Higher,High,70.3,2025,9.700000000000003,6993790788.0,678397706.4360002,46.3242520755141,6613.2094697403,107.8,Investigate rural/access barriers
"{'id': 'LA', 'value': 'Lao PDR'}",LAO,71.77966101694915,Higher,Medium,65.59269714,2024,14.407302860000001,7873046.0,1134293.5815271158,59.6870164959299,2324.76353098791,64.7588066942788,Investigate rural/access barriers
"{'id': 'PH', 'value': 'Philippines'}",PHL,70.69915254237289,Higher,High,67.26300914,2024,12.736990860000006,116786962.0,14875144.67561168,44.2267092394668,4170.72347271451,115.298749599352,Investigate rural/access barriers
"{'id': 'CG', 'value': 'Congo, Rep.'}",COG,70.59322033898304,Higher,High,47.25159836,2024,32.74840164,6484437.0,2123549.4728527665,35.8763465182588,2514.73393584747,95.5319320614796,Investigate affordability/economic barriers
"{'id': 'KH', 'value': 'Cambodia'}",KHM,69.80932203389831,Higher,High,68.47530365,2024,11.52469635,17847982.0,2056925.7301026569,58.89438060599,2872.42926639909,116.091961125929,Investigate rural/access barriers
"{'id': 'SZ', 'value': 'Eswatini'}",SWZ,69.7457627118644,Higher,High,63.40309906,2024,16.596900939999998,1256174.0,208485.95441403557,73.2786290293475,4108.25221093363,139.833459658744,Investigate rural/access barriers
"{'id': 'HN', 'value': 'Honduras'}",HND,69.15254237288136,Higher,High,58.62269974,2024,21.37730026,11005850.0,2352753.60066521,40.7482924099341,3598.21450440452,70.9397440517258,Investigate rural/access barriers
"{'id': 'EG', 'value': 'Egypt, Arab Rep.'}",EGY,68.62288135593221,Higher,High,74.64839935,2024,5.351600649999995,118365995.0,6334475.357798961,57.0956795074752,3085.80712036204,97.1295066037455,Investigate rural/access barriers
"{'id': 'NI', 'value': 'Nicaragua'}",NIC,67.96610169491525,Higher,High,61.39550018,2024,18.60449982,7007502.0,1303710.6969764964,40.5564107042668,3173.33724815085,105.961143065351,Investigate rural/access barriers
"{'id': 'ID', 'value': 'Indonesia'}",IDN,67.35169491525424,Higher,High,72.78075544,2024,7.219244560000007,285721236.0,20626914.78669478,40.6070936030016,5059.62596411213,122.514946500491,Investigate rural/access barriers
"{'id': 'GT', 'value': 'Guatemala'}",GTM,67.22457627118644,Higher,High,60.22140121,2024,19.778598789999997,18687881.0,3696201.005342639,43.7027966986001,6598.18032988711,112.520863034346,Investigate rural/access barriers
"{'id': 'NA', 'value': 'Namibia'}",NAM,66.10169491525423,Medium,High,64.87460327,2024,15.125396730000006,3092816.0,467800.69012891693,49.1333015600674,4875.92558158247,85.1648988113055,Investigate rural/access barriers
"{'id': '1W', 'value': 'World'}",WLD,65.36016949152543,Medium,High,73.6,2025,6.400000000000006,8215424893.0,525787193.1520005,42.1748841884779,14405.8484595528,111.5,Investigate rural/access barriers
"{'id': 'GH', 'value': 'Ghana'}",GHA,65.3177966101695,Medium,High,72.17569733,2024,7.8243026699999945,35064272.0,2743534.7703120606,41.0753138526875,3257.1588903576,113.647966704673,Investigate rural/access barriers
"{'id': 'TO', 'value': 'Tonga'}",TON,65.27542372881355,Medium,Medium,67.4417038,2024,12.558296200000001,103742.0,13028.227643804,78.8438593782552,6547.18646814228,61.7257858761257,Investigate rural/access barriers
"{'id': 'TV', 'value': 'Tuvalu'}",TUV,63.771186440677965,Medium,Low,35.20000076,2017,44.79999924,9492.0,4252.4159278607995,34.5519290474907,6041.44908591428,98.8590872698158,Investigate affordability/economic barriers
"{'id': 'ST', 'value': 'Sao Tome and Principe'}",STP,62.097457627118644,Medium,High,59.11759949,2024,20.882400509999997,240254.0,50170.80252129539,30.8278134584016,4084.40062145233,62.4367400312479,Investigate affordability/economic barriers
"{'id': 'BW', 'value': 'Botswana'}",BWA,61.86440677966101,Medium,High,57.45950036,2024,22.54049964,2562122.0,577515.1001863608,32.0440438467898,7778.1151090571,163.999922257361,Investigate affordability/economic barriers
"{'id': 'DJ', 'value': 'Djibouti'}",DJI,60.16949152542374,Medium,Medium,65.29889679,2024,14.70110321,1184076.0,174072.2348448396,27.0241339313525,3905.604954681,48.4504884885996,Investigate affordability/economic barriers
"{'id': 'LC', 'value': 'St. Lucia'}",LCA,60.063559322033896,Medium,Medium,68.20500183,2024,11.79499817,180149.0,21248.5712532733,70.903428868893,14745.8184305461,98.6676436534083,Investigate rural/access barriers
"{'id': 'SV', 'value': 'El Salvador'}",SLV,59.57627118644068,Medium,High,66.47769928,2024,13.522300720000004,6365503.0,860762.4580006218,24.4762876790049,5766.72574029107,176.517423814642,Investigate affordability/economic barriers
"{'id': 'GQ', 'value': 'Equatorial Guinea'}",GNQ,59.04661016949153,Medium,Medium,63.29930115,2024,16.700698850000002,1938431.0,323731.5237250435,28.4238971541303,6615.25245207167,49.5380486763568,Investigate affordability/economic barriers
"{'id': 'GD', 'value': 'Grenada'}",GRD,58.559322033898304,Medium,Medium,70.16159821,2024,9.838401790000006,117303.0,11540.740451723708,63.3291935663173,12106.8790105068,95.759239776586,Investigate rural/access barriers
"{'id': 'MU', 'value': 'Mauritius'}",MUS,58.19915254237287,Medium,High,73.30793533,2024,6.6920646699999935,1243741.0,83231.95204730463,60.9630336631476,12991.2935987166,172.68356921857,Investigate rural/access barriers
"{'id': 'MD', 'value': 'Moldova'}",MDA,57.521186440677965,Medium,High,77.3687973,2024,2.631202700000003,2360527.0,62110.25015822907,56.2663759595455,8621.71721623786,120.083487069521,Investigate rural/access barriers
"{'id': 'ZA', 'value': 'South Africa'}",ZAF,57.3093220338983,Medium,High,78.35759735,2024,1.642402649999994,64747319.0,1063411.6830599497,36.1845988997478,6597.71450918774,179.336329840585,Investigate affordability/economic barriers
"{'id': 'TN', 'value': 'Tunisia'}",TUN,56.73728813559322,Medium,High,76.5,2024,3.5,12348573.0,432200.055,29.2970673990136,4656.63818386852,117.606816067203,Investigate affordability/economic barriers
"{'id': 'AG', 'value': 'Antigua and Barbuda'}",ATG,56.63135593220339,Medium,Medium,72.73040009,2024,7.269599909999997,94209.0,6848.617379211896,75.6665165299339,24819.2454680158,200.540715208962,Investigate rural/access barriers
"{'id': 'FJ', 'value': 'Fiji'}",FJI,56.52542372881355,Medium,High,74.7052002,2024,5.294799800000007,933154.0,49408.636125692065,40.4555448163631,6642.00449450523,574.152332512188,Investigate rural/access barriers
"{'id': 'EC', 'value': 'Ecuador'}",ECU,56.186440677966104,Medium,High,77.17273115,2024,2.827268849999996,18289896.0,517104.53230539523,36.6081810941738,7125.27618527738,101.598265014024,Investigate affordability/economic barriers
"{'id': 'DZ', 'value': 'Algeria'}",DZA,55.46610169491525,Medium,High,77.4178009,2024,2.582199099999997,47435312.0,1224874.1995461904,24.1812641930123,6051.00322704182,115.457278573892,Investigate affordability/economic barriers
"{'id': 'CU', 'value': 'Cuba'}",CUB,55.211864406779654,Medium,Low,70.47699738,2024,9.52300262,10937203.0,1041550.1282447187,22.7729225178848,9605.27914559614,72.930002350684,Mixed barriers — investigate
"{'id': 'VE', 'value': 'Venezuela, RB'}",VEN,54.87288135593219,Medium,High,76.67890167,2024,3.321098329999998,28516896.0,947074.1568238363,10.6780887701012,3494.8138870244,71.0075917225029,Investigate affordability/economic barriers
"{'id': 'VC', 'value': 'St. Vincent and the Grenadines'}",VCT,53.66525423728814,Medium,High,76.19010162,2024,3.809898380000007,99924.0,3807.002857231207,52.0189519618179,12561.769166789,108.354536057883,Investigate rural/access barriers
"{'id': 'KN', 'value': 'St. Kitts and Nevis'}",KNA,53.36864406779661,Medium,Medium,76.88400269,2024,3.1159973099999974,46922.0,1462.0882577981988,68.1012286861717,25223.0257622185,118.893023653706,Investigate rural/access barriers
"{'id': 'MH', 'value': 'Marshall Islands'}",MHL,53.029661016949156,Medium,Medium,65.915802,2024,14.084198,36282.0,5110.02871836,20.894496908548,8489.05793506422,39.7060658232902,Mixed barriers — investigate
"{'id': 'BO', 'value': 'Bolivia'}",BOL,52.88135593220339,Medium,High,79.70469666,2024,0.2953033400000038,12581843.0,37154.60261255668,28.4368962734131,5147.81081955367,98.0287940811943,Investigate affordability/economic barriers
"{'id': 'CV', 'value': 'Cabo Verde'}",CPV,52.817796610169495,Medium,High,74.73519897,2024,5.264801030000001,527326.0,27762.664679457805,22.3699331989932,5796.47207860911,111.84067886381,Investigate affordability/economic barriers
"{'id': 'PA', 'value': 'Panama'}",PAN,51.86440677966102,Medium,Medium,72.77149963,2024,7.228500370000006,4571189.0,330428.4137783996,33.8499000581874,19789.7308555826,156.586507591014,Investigate usage/adoption barriers
"{'id': 'GA', 'value': 'Gabon'}",GAB,51.779661016949156,Medium,High,68.72090149,2024,11.279098509999997,2593130.0,292481.6871923629,7.91233333179321,8263.03321595,125.337107593999,Investigate affordability/economic barriers
"{'id': 'BB', 'value': 'Barbados'}",BRB,51.41949152542374,Medium,Medium,70.36470032,2024,9.635299680000003,282623.0,27231.57301460641,40.3003760112993,28364.8181499736,114.580721030894,Investigate rural/access barriers
"{'id': 'PF', 'value': 'French Polynesia'}",PYF,51.186440677966104,Medium,Low,72.7038953132942,2017,7.296104686705803,282465.0,20608.942103303547,38.2416233526169,22439.8838746025,118.777524029055,Investigate rural/access barriers
"{'id': 'CO', 'value': 'Colombia'}",COL,50.95338983050848,Medium,High,79.34543299,2024,0.6545670099999938,53425635.0,349706.5815930102,21.2172085248849,8561.62091854449,174.094289675393,Investigate usage/adoption barriers
"{'id': 'CW', 'value': 'Curacao'}",CUW,46.16525423728813,Medium,Low,68.1272162511339,2017,11.872783748866098,156263.0,18552.76806949063,8.5272285013875,22832.895498987,93.7975591472655,Mixed barriers — investigate
"{'id': 'VI', 'value': 'Virgin Islands (U.S.)'}",VIR,44.32203389830508,Medium,Low,64.3774942980087,2017,15.622505701991301,103792.0,16214.91111821081,4.611420924462,44320.909185774,91.4619626157421,Mixed barriers — investigate
"{'id': 'KG', 'value': 'Kyrgyz Republic'}",KGZ,44.21610169491525,Medium,High,92.0286026,2024,0.0,7343064.0,0.0,65.2536462738943,3080.96893823359,107.49229509732,Investigate rural/access barriers
"{'id': 'GL', 'value': 'Greenland'}",GRL,41.88559322033899,Medium,Low,69.4824617821988,2017,10.517538217801203,56831.0,5977.222144558602,11.4259891344848,58498.9707973609,118.637256652974,Investigate usage/adoption barriers
"{'id': 'VN', 'value': 'Viet Nam'}",VNM,41.37711864406779,Medium,High,84.15,2024,0.0,101598527.0,0.0,61.1700839648706,5065.99091899299,127.606471743496,Investigate rural/access barriers
"{'id': 'BT', 'value': 'Bhutan'}",BTN,41.1228813559322,Medium,High,91.27739716,2024,0.0,796682.0,0.0,56.5698167526247,4492.78400306618,99.7576826476519,Investigate rural/access barriers
"{'id': 'UZ', 'value': 'Uzbekistan'}",UZB,40.57203389830509,Medium,High,89.50550079,2024,0.0,37053428.0,0.0,48.9826504915701,3968.2720079072,110.492018573638,Investigate rural/access barriers
"{'id': 'KI', 'value': 'Kiribati'}",KIR,39.51271186440678,Medium,High,89.44029999,2024,0.0,136488.0,0.0,36.6149142217129,2558.66636011102,53.5244353915461,Investigate affordability/economic barriers
"{'id': 'BZ', 'value': 'Belize'}",BLZ,38.83474576271186,Medium,Medium,80.00582262,2024,0.0,422924.0,0.0,58.4378564571728,7865.47937690933,67.1750266305468,Investigate rural/access barriers
"{'id': 'XK', 'value': 'Kosovo'}",XKX,37.41525423728813,Medium,Low,89.4430319734879,2018,0.0,1576876.0,0.0,49.0739028349602,7899.41841135202,34.5402009143477,Investigate rural/access barriers
"{'id': 'MA', 'value': 'Morocco'}",MAR,36.94915254237288,Medium,High,91.2,2024,0.0,38430770.0,0.0,36.8721387739731,4672.46826171875,153.057260079672,Investigate affordability/economic barriers
"{'id': 'AZ', 'value': 'Azerbaijan'}",AZE,36.14406779661017,Medium,High,90.80000181,2025,0.0,10246996.0,0.0,41.3628975718825,7410.72281660142,109.543149535867,Investigate rural/access barriers
"{'id': 'BA', 'value': 'Bosnia and Herzegovina'}",BIH,35.99576271186441,Medium,High,86.10091103,2024,0.0,3140095.0,0.0,47.3084559220439,10381.8460703874,121.232373011893,Investigate rural/access barriers
"{'id': 'MV', 'value': 'Maldives'}",MDV,35.74152542372882,Medium,High,85.23999786,2024,0.0,529676.0,0.0,57.4938432004533,14614.7208116541,148.137074909198,Investigate rural/access barriers
"{'id': 'JM', 'value': 'Jamaica'}",JAM,35.42372881355932,Medium,High,90.10870361,2024,0.0,2837077.0,0.0,40.5745948248372,8002.92104076242,117.693907561175,Investigate rural/access barriers
"{'id': 'XF', 'value': 'IBRD only'}",IBD,35.317796610169495,Medium,High,82.7,2025,0.0,5006926951.0,0.0,41.3536490885404,8599.35834895508,115.9,Investigate rural/access barriers
"{'id': 'GY', 'value': 'Guyana'}",GUY,35.14830508474576,Medium,Medium,83.00080109,2024,0.0,835986.0,0.0,73.5086123451019,32413.7930757518,112.56503784518,Investigate rural/access barriers
"{'id': 'IR', 'value': 'Iran, Islamic Rep.'}",IRN,34.61864406779661,Medium,High,85.3404007,2024,0.0,92417681.0,0.0,22.6238469058249,3924.38017821898,174.066388972063,Investigate affordability/economic barriers
"{'id': 'IQ', 'value': 'Iraq'}",IRQ,34.57627118644068,Medium,High,81.47450256,2024,0.0,47020774.0,0.0,30.0603260531895,5409.67899716967,100.080276677726,Investigate affordability/economic barriers
"{'id': 'UA', 'value': 'Ukraine'}",UKR,34.51271186440678,Medium,Medium,82.47489929,2024,0.0,38980376.0,0.0,30.4045075354236,5865.884765625,133.38012811971,Investigate affordability/economic barriers
"{'id': 'TH', 'value': 'Thailand'}",THA,34.449152542372886,Medium,High,90.86718789,2024,0.0,71619863.0,0.0,37.2006622863704,8056.56359761558,160.639312286761,Investigate rural/access barriers
"{'id': 'SR', 'value': 'Suriname'}",SUR,34.30084745762712,Medium,Medium,87.4,2023,0.0,639850.0,0.0,34.2113163593294,7069.87230892274,142.122626416427,Investigate affordability/economic barriers
"{'id': 'GE', 'value': 'Georgia'}",GEO,34.25847457627118,Medium,High,83.79855689,2024,0.0,3935766.0,0.0,38.8218635909594,9691.53472415196,161.201784818537,Investigate rural/access barriers
"{'id': 'SC', 'value': 'Seychelles'}",SYC,33.9406779661017,Medium,High,87.81800079,2024,0.0,122730.0,0.0,54.5171609295391,19449.3836346926,125.616862703001,Investigate rural/access barriers
"{'id': 'AL', 'value': 'Albania'}",ALB,33.389830508474574,Medium,High,85.86389923,2024,0.0,2349580.0,0.0,41.128525668933,12998.147869552,89.1328603947682,Investigate rural/access barriers
"{'id': 'MK', 'value': 'North Macedonia'}",MKD,33.28389830508475,Lower,High,93.1,2025,0.0,1820909.0,0.0,37.1090142173964,10489.9255355525,108.38712260883,Mixed barriers — investigate
"{'id': '4E', 'value': 'East Asia & Pacific (excluding high income)'}",EAP,33.28389830508474,Lower,High,88.1,2025,0.0,2143908411.0,0.0,37.9467481154047,10843.4363994141,129.8,Investigate rural/access barriers
"{'id': 'PY', 'value': 'Paraguay'}",PRY,33.24152542372882,Lower,Medium,81.57806793,2024,0.0,7013078.0,0.0,29.6102360144136,7026.61906146401,126.605481531224,Investigate affordability/economic barriers
"{'id': 'PS', 'value': 'West Bank and Gaza'}",PSE,33.22033898305085,Lower,Medium,86.63765334,2023,0.0,5413596.0,0.0,12.6181037036607,3171.10844621579,76.6918854204372,Investigate affordability/economic barriers
"{'id': 'T4', 'value': 'East Asia & Pacific (IDA & IBRD countries)'}",TEA,33.17796610169491,Lower,High,88.9,2025,0.0,2117367063.0,0.0,37.9732004354669,10965.8265646099,131.0,Investigate rural/access barriers
"{'id': 'AM', 'value': 'Armenia'}",ARM,33.050847457627114,Lower,High,81.33930206,2024,0.0,3086700.0,0.0,34.0712984410128,9474.01849300368,134.88694751567,Investigate usage/adoption barriers
"{'id': 'TT', 'value': 'Trinidad and Tobago'}",TTO,32.817796610169495,Lower,High,82.15989685,2024,0.0,1367764.0,0.0,46.0303912582894,18967.2704636681,118.786668099235,Investigate rural/access barriers
"{'id': 'MN', 'value': 'Mongolia'}",MNG,32.817796610169495,Lower,High,85.12349701,2024,0.0,3568978.0,0.0,28.8549280873877,7108.22743246244,140.670025377351,Investigate affordability/economic barriers
"{'id': 'RO', 'value': 'Romania'}",ROU,32.64830508474576,Lower,High,91.29048551,2024,0.0,19020271.0,0.0,47.8271114958302,22537.9532108047,119.804862328273,Investigate rural/access barriers
"{'id': 'LI', 'value': 'Liechtenstein'}",LIE,31.885593220338983,Lower,High,98.2641983,2024,0.0,41024.0,0.0,85.3701001006707,220167.225473557,128.901429646351,Investigate rural/access barriers
"{'id': 'KZ', 'value': 'Kazakhstan'}",KAZ,31.694915254237287,Lower,High,93.39167254,2024,0.0,20843754.0,0.0,37.6144430492013,14692.1331757237,127.085151242164,Investigate rural/access barriers
"{'id': 'XT', 'value': 'Upper middle income'}",,31.673728813559322,Lower,High,88.8,2025,0.0,3078912188.0,0.0,31.7693109784115,10890.0974812565,132.4,Investigate usage/adoption barriers
"{'id': 'SK', 'value': 'Slovak Republic'}",SVK,31.46186440677966,Lower,High,89.82507032,2024,0.0,5413813.0,0.0,46.8059658028831,28543.6653439813,139.967676092657,Investigate rural/access barriers
"{'id': 'LB', 'value': 'Lebanon'}",LBN,31.35593220338983,Lower,Medium,80.63400269,2024,0.0,5849421.0,0.0,9.0397685736956,4473.27134441128,74.0148340435503,Investigate affordability/economic barriers
"{'id': 'Z4', 'value': 'East Asia & Pacific'}",EAS,31.33474576271186,Lower,High,88.4,2025,0.0,2390873921.0,0.0,35.2290116785406,14077.2712026283,135.1,Investigate usage/adoption barriers
"{'id': 'RS', 'value': 'Serbia'}",SRB,31.29237288135593,Lower,High,87.69071294,2024,0.0,6549143.0,0.0,37.3620127200667,15262.0464193413,123.822194984291,Investigate rural/access barriers
"{'id': '7E', 'value': 'Europe & Central Asia (excluding high income)'}",ECA,31.186440677966104,Lower,High,87.5,2025,0.0,253280471.0,0.0,31.6732460300755,11117.61379372,117.3,Investigate usage/adoption barriers
"{'id': 'CN', 'value': 'China'}",CHN,31.059322033898304,Lower,High,91.6,2025,0.0,1406585000.0,0.0,33.6570089651728,13861.970224368,131.753932036803,Investigate usage/adoption barriers
"{'id': 'HR', 'value': 'Croatia'}",HRV,30.762711864406775,Lower,High,83.63240029,2024,0.0,3876200.0,0.0,42.1855456395857,27103.9116109268,121.732525659138,Investigate rural/access barriers
"{'id': 'ME', 'value': 'Montenegro'}",MNE,30.63559322033898,Lower,High,88.88258428,2024,0.0,623129.0,0.0,34.3914916478964,14816.8380299947,221.687322527444,Investigate usage/adoption barriers
"{'id': 'LY', 'value': 'Libya'}",LBY,30.48728813559322,Lower,Medium,81.95449829,2024,0.0,7458555.0,0.0,12.0887586984779,6448.82415074121,192.97309381967,Investigate affordability/economic barriers
"{'id': 'JO', 'value': 'Jordan'}",JOR,30.21186440677966,Lower,High,95.62244985,2024,0.0,11520684.0,0.0,6.7914849880449,5347.77731384797,69.6426153972396,Investigate affordability/economic barriers
"{'id': 'DO', 'value': 'Dominican Republic'}",DOM,30.21186440677966,Lower,High,91.0022446,2024,0.0,11520487.0,0.0,27.482305937409,11059.2081531834,93.7095828968519,Mixed barriers — investigate
"{'id': 'DM', 'value': 'Dominica'}",DMA,30.105932203389827,Lower,Medium,82.04689789,2024,0.0,65871.0,0.0,26.0138383321058,10989.0431185083,85.1898961482058,Mixed barriers — investigate
"{'id': 'FO', 'value': 'Faroe Islands'}",FRO,29.999999999999996,Lower,Low,97.5819589384468,2017,0.0,54900.0,0.0,60.356678214554,74175.2776311377,105.80437318324,Investigate rural/access barriers
"{'id': 'PL', 'value': 'Poland'}",POL,29.83050847457627,Lower,High,88.58496367,2024,0.0,36435861.0,0.0,39.9146669690629,28419.5777395638,138.016156588197,Investigate rural/access barriers
"{'id': 'BY', 'value': 'Belarus'}",BLR,29.72457627118644,Lower,High,94.26182128,2024,0.0,9085991.0,0.0,20.5054179619873,10279.2547190723,131.123016605614,Investigate usage/adoption barriers
"{'id': 'T7', 'value': 'Europe & Central Asia (IDA & IBRD countries)'}",TEC,29.55508474576271,Lower,High,90.8,2025,0.0,462559433.0,0.0,30.8452433736568,15300.0702229683,142.4,Investigate usage/adoption barriers
"{'id': 'SI', 'value': 'Slovenia'}",SVN,29.51271186440678,Lower,High,90.76355487,2024,0.0,2130986.0,0.0,44.0093002154178,37376.2216079138,130.86090177123,Investigate rural/access barriers
"{'id': 'PT', 'value': 'Portugal'}",PRT,29.300847457627118,Lower,High,88.48704454,2024,0.0,10804871.0,0.0,38.5046800681015,32081.8106150292,124.129981203404,Investigate rural/access barriers
"{'id': 'XJ', 'value': 'Latin America & Caribbean (excluding high income)'}",LAC,28.983050847457626,Lower,High,83.6,2025,0.0,626808315.0,0.0,18.6013368288445,10407.4817975955,117.7,Investigate usage/adoption barriers
"{'id': 'MY', 'value': 'Malaysia'}",MYS,28.79237288135593,Lower,High,98.0206059,2024,0.0,35977838.0,0.0,22.6051187703771,13124.5554178269,139.664651283564,Investigate usage/adoption barriers
"{'id': 'PE', 'value': 'Peru'}",PER,28.749999999999996,Lower,High,81.95705992,2024,0.0,34576665.0,0.0,14.4036515154537,9684.41170314988,124.623544414599,Investigate usage/adoption barriers
"{'id': 'T2', 'value': 'Latin America & the Caribbean (IDA & IBRD countries)'}",TLA,28.60169491525424,Lower,High,83.9,2025,0.0,651467364.0,0.0,18.4896065512669,10822.5929247606,117.5,Investigate usage/adoption barriers
"{'id': 'AW', 'value': 'Aruba'}",ABW,28.22033898305085,Lower,Low,97.17,2017,0.0,108785.0,0.0,38.2514750770412,38590.5650288641,130.647974615427,Investigate rural/access barriers
"{'id': 'ZJ', 'value': 'Latin America & Caribbean'}",LCN,28.156779661016948,Lower,High,83.7,2025,0.0,666592570.0,0.0,18.4939412959442,11095.2176548294,116.8,Investigate usage/adoption barriers
"{'id': 'LV', 'value': 'Latvia'}",LVA,28.072033898305087,Lower,High,92.70757011,2024,0.0,1847785.0,0.0,31.3674280246483,26311.9730706362,121.262202363304,Investigate usage/adoption barriers
"{'id': 'MX', 'value': 'Mexico'}",MEX,27.987288135593218,Lower,High,83.12233799,2024,0.0,131946900.0,0.0,19.9591069370277,13889.2339628708,116.486713265167,Investigate usage/adoption barriers
"{'id': 'RU', 'value': 'Russian Federation'}",RUS,27.92372881355932,Lower,High,94.36495368,2024,0.0,143513328.0,0.0,24.7493363391785,17546.609375,186.103787309059,Investigate usage/adoption barriers
"{'id': 'BR', 'value': 'Brazil'}",BRA,27.796610169491522,Lower,High,84.46347227,2024,0.0,212812405.0,0.0,11.8227003512102,10713.2856869511,101.926846460424,Mixed barriers — investigate
"{'id': 'NC', 'value': 'New Caledonia'}",NCL,27.75423728813559,Lower,Low,82.0058408035186,2017,0.0,295333.0,0.0,31.8282111664423,29213.1923192946,91.6763895612682,Mixed barriers — investigate
"{'id': 'HU', 'value': 'Hungary'}",HUN,27.58474576271186,Lower,High,93.77898628,2024,0.0,9514251.0,0.0,29.3063168213722,25907.4743259406,104.58063059269,Mixed barriers — investigate
"{'id': 'BG', 'value': 'Bulgaria'}",BGR,27.351694915254235,Lower,High,82.438955,2024,0.0,6433302.0,0.0,25.8272498151525,20328.1667065538,118.067152838789,Investigate usage/adoption barriers
"{'id': 'LT', 'value': 'Lithuania'}",LTU,26.991525423728813,Lower,High,89.16116293,2024,0.0,2888774.0,0.0,30.9183618647236,32958.6706396386,138.728835196967,Investigate usage/adoption barriers
"{'id': 'PW', 'value': 'Palau'}",PLW,26.800847457627118,Lower,Medium,83.92549896,2024,0.0,17663.0,0.0,20.7164065753444,19532.3557719527,135.386698256896,Investigate usage/adoption barriers
"{'id': 'OM', 'value': 'Oman'}",OMN,26.56779661016949,Lower,High,95.25174678,2024,0.0,5494691.0,0.0,20.5218616692311,19947.3966227092,120.61105087402,Investigate usage/adoption barriers
"{'id': 'CY', 'value': 'Cyprus'}",CYP,26.41949152542373,Lower,High,89.60099246,2024,0.0,1370754.0,0.0,33.3049729296225,41783.08984375,156.218025662252,Investigate usage/adoption barriers
"{'id': 'CR', 'value': 'Costa Rica'}",CRI,26.35593220338983,Lower,High,87.17019653,2024,0.0,5152950.0,0.0,20.2731862006996,19970.0989059622,136.024511151268,Investigate usage/adoption barriers
"{'id': 'EE', 'value': 'Estonia'}",EST,26.271186440677965,Lower,High,92.23796204,2024,0.0,1366475.0,0.0,29.2791473401871,34417.6320815138,151.131825017309,Investigate usage/adoption barriers
"{'id': 'BN', 'value': 'Brunei Darussalam'}",BRN,25.783898305084747,Lower,High,96.29828801,2024,0.0,466330.0,0.0,24.9890113413181,32234.6428368582,118.130579766209,Investigate usage/adoption barriers
"{'id': 'GR', 'value': 'Greece'}",GRC,25.76271186440678,Lower,High,86.26968886,2024,0.0,10413962.0,0.0,20.7753917151463,26948.0070432791,113.597610306796,Mixed barriers — investigate
"{'id': 'IT', 'value': 'Italy'}",ITA,25.635593220338983,Lower,High,89.2207202,2024,0.0,58915656.0,0.0,30.319138198322,43308.6403060733,132.575141676252,Investigate usage/adoption barriers
"{'id': 'CZ', 'value': 'Czechia'}",CZE,25.572033898305087,Lower,High,87.68776014,2024,0.0,10886878.0,0.0,27.1245632883888,35917.2724081665,126.600163061009,Investigate usage/adoption barriers
"{'id': 'Z7', 'value': 'Europe & Central Asia'}",ECS,25.466101694915256,Lower,High,92.4,2025,0.0,932525035.0,0.0,25.9276599681281,34603.480892464,134.6,Investigate usage/adoption barriers
"{'id': 'CL', 'value': 'Chile'}",CHL,25.105932203389827,Lower,High,95.590243,2024,0.0,19859921.0,0.0,10.8227169980777,17994.5911957485,132.660408764665,Investigate usage/adoption barriers
"{'id': 'AR', 'value': 'Argentina'}",ARG,25.021186440677965,Lower,High,89.66715228,2024,0.0,45851378.0,0.0,7.64807783848271,14898.0885943842,140.234979049333,Investigate usage/adoption barriers
"{'id': 'TR', 'value': 'Turkiye'}",TUR,24.894067796610173,Lower,High,89.77024003,2025,0.0,85878556.0,0.0,10.505939997814,18599.4420922378,107.826875714392,Mixed barriers — investigate
"{'id': 'NR', 'value': 'Naoero'}",NRU,24.406779661016948,Lower,Medium,83.01170349,2024,0.0,12025.0,0.0,0.0,14639.5046929186,87.1705787645115,Mixed barriers — investigate
"{'id': 'IE', 'value': 'Ireland'}",IRL,24.194915254237287,Lower,High,97.18769836,2024,0.0,5484367.0,0.0,35.4124206243832,131592.462547877,112.638817343502,Mixed barriers — investigate
"{'id': 'AT', 'value': 'Austria'}",AUT,24.131355932203387,Lower,High,91.92573373,2025,0.0,9208163.0,0.0,30.2847847633647,62930.0351324599,124.45929984531,Investigate usage/adoption barriers
"{'id': 'FI', 'value': 'Finland'}",FIN,23.728813559322035,Lower,High,93.72405196,2024,0.0,5646436.0,0.0,25.4752155680152,56148.580949046,125.860954798649,Investigate usage/adoption barriers
"{'id': 'KR', 'value': 'Korea, Rep.'}",KOR,23.686440677966097,Lower,High,97.89563777,2024,0.0,51684564.0,0.0,18.8259736693326,36226.9663637512,172.520241179065,Investigate usage/adoption barriers
"{'id': 'FR', 'value': 'France'}",FRA,23.601694915254235,Lower,Medium,88.65381638,2024,0.0,68720337.0,0.0,21.1550349436416,48985.7307807924,116.687800394775,Investigate usage/adoption barriers
"{'id': 'ES', 'value': 'Spain'}",ESP,23.49576271186441,Lower,High,95.7574516,2024,0.0,49355143.0,0.0,19.4850748960862,38627.2472148623,130.260997343256,Investigate usage/adoption barriers
"{'id': 'SA', 'value': 'Saudi Arabia'}",SAU,23.389830508474574,Lower,High,100.0,2024,0.0,36973555.0,0.0,15.3876878937815,34536.6555456551,159.541370566589,Investigate usage/adoption barriers
"{'id': 'BS', 'value': 'Bahamas, The'}",BHS,23.283898305084744,Lower,High,92.47270203,2024,0.0,403033.0,0.0,18.6690827983972,39455.4466548546,96.6798992232414,Mixed barriers — investigate
"{'id': 'UY', 'value': 'Uruguay'}",URY,23.114406779661017,Lower,High,91.99109007,2024,0.0,3384688.0,0.0,4.3462807895915,25215.8238152781,145.501755749445,Investigate usage/adoption barriers
"{'id': 'XD', 'value': 'High income'}",,22.775423728813557,Lower,High,94.2,2025,0.0,1423739902.0,0.0,19.7516029540495,53997.2579539931,141.6,Investigate usage/adoption barriers
"{'id': 'NZ', 'value': 'New Zealand'}",NZL,22.18220338983051,Lower,High,93.51930237,2024,0.0,5324700.0,0.0,16.0021484225269,49591.0405731713,130.093457083544,Investigate usage/adoption barriers
"{'id': 'CA', 'value': 'Canada'}",CAN,22.033898305084744,Lower,High,94.353302,2024,0.0,41651653.0,0.0,17.1242979746114,55697.6639660837,94.1059718794246,Mixed barriers — investigate
"{'id': 'JP', 'value': 'Japan'}",JPN,21.864406779661014,Lower,Medium,85.54153081,2024,0.0,123366734.0,0.0,7.6998550579214,35951.0449549304,178.432441299977,Investigate usage/adoption barriers
"{'id': 'AE', 'value': 'United Arab Emirates'}",ARE,21.84322033898305,Lower,High,100.0,2024,0.0,11513149.0,0.0,14.0382358675983,50273.5126243239,203.206410299544,Investigate usage/adoption barriers
"{'id': 'GB', 'value': 'United Kingdom'}",GBR,21.716101694915256,Lower,High,95.4720993,2024,0.0,69487000.0,0.0,16.676391921729,57601.9621201954,121.643331373201,Investigate usage/adoption barriers
"{'id': 'BH', 'value': 'Bahrain'}",BHR,21.694915254237287,Lower,High,100.0,2024,0.0,1600366.0,0.0,0.0,30596.5794898885,159.536143577452,Investigate usage/adoption barriers
"{'id': 'DE', 'value': 'Germany'}",DEU,21.50423728813559,Lower,High,93.49999579,2024,0.0,83491249.0,0.0,17.86177794638,60496.4350820414,129.150921864378,Investigate usage/adoption barriers
"{'id': 'KW', 'value': 'Kuwait'}",KWT,21.440677966101696,Lower,Medium,100.0,2025,0.0,4865298.0,0.0,0.0,32312.3119953634,167.68428501222,Investigate usage/adoption barriers
"{'id': 'AD', 'value': 'Andorra'}",AND,21.165254237288135,Lower,High,94.39759827,2024,0.0,82904.0,0.0,11.0507327716871,54291.5026031052,155.692108667529,Investigate usage/adoption barriers
"{'id': 'US', 'value': 'United States'}",USA,21.144067796610166,Lower,High,94.69380188,2024,0.0,341784857.0,0.0,19.8078266972131,90026.5163005744,113.190481805755,Mixed barriers — investigate
"{'id': 'XU', 'value': 'North America'}",NAC,21.101694915254235,Lower,High,95.6,2025,0.0,383501065.0,0.0,19.5130371601312,86308.0717272746,112.0,Mixed barriers — investigate
"{'id': 'PR', 'value': 'Puerto Rico (US)'}",PRI,21.101694915254235,Lower,Medium,87.29178106,2022,0.0,3184835.0,0.0,5.6595163401108,40620.1526923687,126.426375391555,Investigate usage/adoption barriers
"{'id': 'BE', 'value': 'Belgium'}",BEL,20.783898305084744,Lower,High,95.77579144,2024,0.0,11941781.0,0.0,12.3273916885351,60750.2735864647,103.90465332676,Mixed barriers — investigate
"{'id': 'MT', 'value': 'Malta'}",MLT,20.508474576271183,Lower,High,93.86029816,2024,0.0,579704.0,0.0,4.3194143350407,47906.9000057635,142.070062100751,Investigate usage/adoption barriers
"{'id': 'AU', 'value': 'Australia'}",AUS,20.466101694915253,Lower,High,96.13140106,2024,0.0,27614411.0,0.0,12.2807327333667,65129.7227990563,112.581025002429,Mixed barriers — investigate
"{'id': 'NO', 'value': 'Norway'}",NOR,20.296610169491522,Lower,High,99.0,2024,0.0,5610870.0,0.0,16.4294212291674,94594.1929573987,109.348606513576,Mixed barriers — investigate
"{'id': 'SE', 'value': 'Sweden'}",SWE,20.169491525423727,Lower,High,95.76629783,2025,0.0,10596620.0,0.0,10.9221322210445,63133.2126736715,140.686673016562,Investigate usage/adoption barriers
"{'id': 'IL', 'value': 'Israel'}",ISR,20.127118644067796,Lower,High,88.18242225,2024,0.0,10122800.0,0.0,8.42169391336721,60336.8477964194,177.393104798636,Investigate usage/adoption barriers
"{'id': 'DK', 'value': 'Denmark'}",DNK,19.78813559322034,Lower,High,99.76915157,2024,0.0,6009169.0,0.0,11.1541564107311,76970.1535217919,126.686532566268,Investigate usage/adoption barriers
"{'id': 'CH', 'value': 'Switzerland'}",CHE,19.703389830508474,Lower,High,97.32103855,2025,0.0,9092436.0,0.0,14.2727842197244,114769.012314293,129.471369643132,Investigate usage/adoption barriers
"{'id': 'SM', 'value': 'San Marino'}",SMR,19.44915254237288,Lower,Medium,97.35220337,2024,0.0,34109.0,0.0,2.8129745828427,59871.3288101478,120.269873863303,Investigate usage/adoption barriers
"{'id': 'HK', 'value': 'Hong Kong SAR, China'}",HKG,19.322033898305087,Lower,High,95.75536971,2024,0.0,7498900.0,0.0,0.0,56983.0663059906,364.848981963231,Investigate usage/adoption barriers
"{'id': 'NL', 'value': 'Netherlands'}",NLD,18.834745762711865,Lower,High,97.00679779,2024,0.0,18087633.0,0.0,4.06140965188089,73683.917132794,128.538765867661,Investigate usage/adoption barriers
"{'id': 'QA', 'value': 'Qatar'}",QAT,18.792372881355934,Lower,High,98.08540344,2024,0.0,2972215.0,0.0,0.640657230368802,72524.9066385222,153.612474384296,Investigate usage/adoption barriers
"{'id': 'IS', 'value': 'Iceland'}",ISL,18.6228813559322,Lower,High,98.209198,2024,0.0,392404.0,0.0,5.7820679808883,98323.4849517418,120.927513243653,Investigate usage/adoption barriers
"{'id': 'MO', 'value': 'Macao SAR, China'}",MAC,18.220338983050844,Lower,High,89.82640076,2024,0.0,685900.0,0.0,0.0,75901.7461294198,201.136947388589,Investigate usage/adoption barriers
"{'id': 'LU', 'value': 'Luxembourg'}",LUX,17.98728813559322,Lower,Medium,99.12902211,2025,0.0,686970.0,0.0,5.1158270401413,147252.179121515,144.474949556306,Investigate usage/adoption barriers
"{'id': 'SG', 'value': 'Singapore'}",SGP,17.71186440677966,Lower,High,94.37757178,2024,0.0,6111175.0,0.0,0.0,98813.9788172877,170.78256295407,Investigate usage/adoption barriers
"{'id': 'KY', 'value': 'Cayman Islands'}",CYM,17.627118644067796,Lower,Low,81.0676932508161,2017,0.0,75844.0,0.0,0.0,104292.900672109,139.314997695241,Investigate usage/adoption barriers
"{'id': 'BM', 'value': 'Bermuda'}",BMU,17.3728813559322,Lower,Low,98.37,2017,0.0,64555.0,0.0,0.0,142250.433195123,96.6767745528807,Mixed barriers — investigate
"{'id': 'MC', 'value': 'Monaco'}",MCO,17.11864406779661,Lower,High,99.04489899,2024,0.0,38341.0,0.0,0.0,288001.574856495,107.400792109963,Mixed barriers — investigate
